Simulation ID,Status,Date Added,Last Updated,Revision,Exam,Year,Paper,Subject,Q No.,Section,Question Type,Chapter,Topic,Subtopics,Concepts,Difficulty,Answer,Verified,Verification Methods,Interactive Features,Folder Path,Tags,Source PDF,Notes
ADV-2026-P2-CHE-Q01,Complete,2026-08-26,2026-08-26,1,JEE Advanced,2026,Paper 2,Chemistry,1,Section 1,Single correct MCQ (+3/0/-1),Electrochemistry,Conductance of electrolytic solutions,Molar conductivity; Limiting molar conductivity by extrapolation; Kohlrausch's law of independent migration; Solubility of a sparingly soluble salt from conductance,Conductivity vs molar conductivity; Debye-Huckel-Onsager sqrt(c) law; Strong electrolytes; Solubility product,Moderate,(C) 5,Yes,"Independent recomputation of slopes/intercepts; closed-form cross-check 2L(0.01)-L(0.04); dimensional analysis; numeric script (1000*1.40e-6/140 = 1.000000e-5, -log10 = 5.000000); literature Ksp sanity check; headless-browser run of the live model",Animated conductivity cell; live kappa/Lambda/G/R readouts; measurement log with least-squares fit; Lambda vs sqrt(c) chart with tooltip and extrapolated intercepts; Kohlrausch spectator-ion builder; saturated-AgCl solubility calculator; option checker; step-by-step solution,simulations/2026/paper-2/chemistry/adv-2026-p2-che-q01/,electrochemistry; conductivity; molar conductivity; limiting molar conductivity; kohlrausch law; debye-huckel-onsager; solubility; ksp; agcl; conductivity cell; extrapolation,papers/adv_2026_paper_2.pdf (page 20),"Derived Lambda0: NaNO3 121, NaCl 127, AgNO3 134 -> AgCl 140 S cm2/mol; X = 1.0e-5 M; Ksp = 1.0e-10"
ADV-2026-P2-CHE-Q02,Complete,2026-08-26,2026-08-26,1,JEE Advanced,2026,Paper 2,Chemistry,2,Section 1,Single correct MCQ (+3/0/-1),Chemical Bonding and Molecular Structure,VSEPR theory and molecular geometry,Electron-domain counting; Lone-pair vs bond-pair vs single-electron repulsion; Odd-electron species; Resonance and bond order; Isoelectronic series; Walsh's rules,Steric number and electron geometry; Deviation from ideal 120 deg; Symmetry-fixed geometries; Electron count controls bending in AB2,Easy-Moderate,(B) NO2- < NO3- < NO2 < NO2+,Yes,"Symmetry fixes NO3- at 120 deg and NO2+ at 180 deg; isoelectronic checks vs CO2, O3, SO2; Walsh's rules reproduce 180/134.1/115.4 for 16/17/18 e-; redundant qualitative repulsion ranking; robustness check; distractor audit; headless-browser run",2D geometry viewer at experimental angles with lone pair / single electron; overlay of the other three angles; free-drag angle mode; Walsh electron-count slider; VSEPR domain builder; bar chart with tooltips and 120 deg reference; click-to-order exercise; option checker; step-by-step solution,simulations/2026/paper-2/chemistry/adv-2026-p2-che-q02/,chemical bonding; vsepr; bond angle; molecular geometry; lone pair; odd electron; radical; nitrite; nitrate; nitronium; steric number; hybridisation; resonance; isoelectronic; walsh rules,papers/adv_2026_paper_2.pdf (page 20),"Angles: NO2- 115.4, NO3- 120.0, NO2 134.1, NO2+ 180.0 deg"
ADV-2026-P2-CHE-Q03,Complete,2026-08-26,2026-08-26,1,JEE Advanced,2026,Paper 2,Chemistry,3,Section 1,Single correct MCQ (+3/0/-1),"Aldehydes, Ketones and Carboxylic Acids",Aldol condensation,"Reductive ozonolysis; Structure of natural rubber (cis-1,4-polyisoprene); Iodoform test; Tollens test; Intramolecular aldol and ring size; Dehydration to an alpha,beta-unsaturated ketone",Alkene cleavage and work-up; Enolate formation; Ring strain controls the closure; Conjugation as driving force,Moderate-Hard,(A) cyclopent-2-en-1-one,Yes,"Atom economy C5 in / C5 out; RDKit mass balance 100.12 - 18.02 = 82.10; both tests re-derived by SMARTS match; ring sizes enumerated {3,3,5}; literature precedent for levulinaldehyde to cyclopentenone; conjugation requirement; distractor audit ((C),(D) are C10 dimers); headless-browser run",Ozonolysis slider cleaving every C=C with fragment separation; reductive vs oxidative work-up; adjustable repeat units with live bookkeeping; candidate picker running iodoform and Tollens tests; ring-size explorer computing the ring formed; dehydration step; ring-strain bar chart; option checker; step-by-step solution,simulations/2026/paper-2/chemistry/adv-2026-p2-che-q03/,ozonolysis; natural rubber; polyisoprene; aldol condensation; intramolecular aldol; enolate; ring strain; cyclopentenone; levulinaldehyde; iodoform test; tollens test; conjugation,papers/adv_2026_paper_2.pdf (page 21),X = 4-oxopentanal C5H8O2; aldol = 3-hydroxycyclopentanone; Y = cyclopent-2-en-1-one C5H6O
ADV-2026-P2-CHE-Q04,Complete,2026-08-26,2026-08-26,1,JEE Advanced,2026,Paper 2,Chemistry,4,Section 1,Single correct MCQ (+3/0/-1),Biomolecules,Carbohydrates - structure and glycosidic linkages,Fischer and Haworth projections; Anomers and the alpha/beta convention; Epimers (glucose vs galactose); Pyranose and furanose rings; Glycosidic linkage in a non-reducing disaccharide; Deoxy-halo sugars; Artificial sweeteners,Reading a Fischer projection; C4 epimeric relationship; Anomeric configuration at two centres; Stereoisomers sharing one formula,Moderate,(A) sucralose,Yes,Each drawn half rebuilt as 3D coordinates and assigned by RDKit; galactose half matched only for axial C4; fructose half matched only for CH2Cl-up (beta); reference InChIKey BAQAVOSOZGMPRM-QBMZZYIRSA-N; IUPAC name cross-check; formula check (all options C12H19Cl3O8); redundant argument via inversion at C4 during chlorination of sucrose; distractor audit; headless-browser run. No official answer key was retrievable.,Fischer-to-Haworth stepper; live Fischer/Haworth table; sweetener builder with three stereochemical toggles; live checklist; automatic identification of the matching printed option; elimination matrix over all four options; sucrose comparison table and structure; log-scale sweetness plot; option checker; step-by-step solution,simulations/2026/paper-2/chemistry/adv-2026-p2-che-q04/,biomolecules; carbohydrates; sucralose; sucrose; artificial sweetener; galactose; fructose; fischer projection; haworth projection; anomer; epimer; glycosidic linkage; pyranose; furanose; deoxy sugar; stereochemistry,papers/adv_2026_paper_2.pdf (page 22),"X = sucralose C12H19Cl3O8, M = 397.6; C4 axial (galacto), pyranose alpha, fructofuranose beta"
ADV-2026-P2-CHE-Q05,Complete,2026-08-27,2026-08-27,1,JEE Advanced,2026,Paper 2,Chemistry,5,Section 2,Multiple correct MCQ (+4/0/-1),Chemical Kinetics,First-order reactions,Integrated first-order rate law; Rate versus rate constant; Sign conventions for d[R]/dt and d[P]/dt; Half-life independence from initial concentration; Arrhenius temperature dependence of k; Reading and interpreting kinetics graphs,"A rate is a slope and carries a sign; a rate constant does not; Exponential decay of [R] forces concave-down growth of [P]; d[R]/dt is linear in [R] with slope minus k, through the origin; k depends on temperature only, never on time or on concentration; t-half = ln2/k is the operational signature of first order",Moderate,(C) and (D),Yes,"Second derivative of [P] evaluated over the whole run: maximum value -2e-4 M s^-2, negative everywhere, so [P] against t is concave down and the printed concave-up curve in (A) is wrong; Least-squares fit of d[R]/dt against [R] returns slope -0.3000 = -k exactly; the maximum value reached is -7e-4 M s^-1, never positive, so the rising line in (B) is wrong; d[P]/dt confirmed positive and monotonically decreasing; ratio of its value at t = 0 to t = 1/k is 2.7196, matching e, the signature of a true exponential, so (C) is correct; k held constant at fixed T by construction and confirmed constant across every logged sample, so (D) is correct; Half-life independence checked at [R]0 = 0.5, 1, 2 and 5 M: t-half = 2.3105 s in every case, matching ln2/k; Dimensional check: k[R] has units s^-1 x mol L^-1 = mol L^-1 s^-1, a rate; a first-order k is s^-1 and carries no concentration unit; Distractor audit: (A) confuses exponential decay with exponential growth; (B) is the classic dropped minus sign, correct as a magnitude plot of -d[R]/dt against [R]; Headless-browser run of the finished page: every control driven, both k modes exercised, two runs completed, all four axes inspected, gate opened and answer resolved to (C) and (D) with a clean console and zero horizontal overflow at 390 px and 360 px","Animated reactor vessel whose particle mix tracks [R] and [P] and whose jiggle speed tracks temperature; Rate constant set either directly or through temperature via the Arrhenius equation, as a constraint model; Slider plus typed input plus steppers on every parameter, accepting 1/2, 5e-1 and similar forms with validation messages; Run, pause, resume, 0.5x/1x/2x speed, reset and a time scrubber; Live readouts for [R], [P], d[R]/dt, d[P]/dt, k, half-life, conversion and sample count with change flashes; Live integrated rate law that substitutes the current numbers as you change them; Concentration-time chart with logged sample points, a ghost of the previous run and a hover tooltip; Axis switcher that replots your own samples on each of the four printed sets of axes with the printed shape drawn behind for comparison; Half-life trial table comparing measured t-half against ln2/k across runs; Auto-written observation notebook and insight cards that appear only once the evidence exists; Predict-then-check panel for each option with a prediction-versus-measurement matrix; Answer gated until two runs are completed and all four sets of axes inspected, with a reveal-anyway escape; Step-by-step solution with an independent verification log",simulations/2026/paper-2/chemistry/adv-2026-p2-che-q05/,chemical kinetics; first order reaction; integrated rate law; rate law; rate constant; exponential decay; half-life; graphical representation; concentration vs time; rate vs concentration; sign convention; arrhenius equation; activation energy; multiple correct; jee advanced 2026; paper 2; chemistry q5,papers/adv_2026_paper_2.pdf (page 22),"Defaults [R]0 = 1.00 M, k = 0.300 s^-1, t-half = 2.31 s; Ea = 50 kJ/mol with k(300 K) = 0.300 s^-1; (A) fails on curvature, (B) fails on sign"
ADV-2026-P2-CHE-Q06,Complete,2026-08-27,2026-08-27,1,JEE Advanced,2026,Paper 2,Chemistry,6,Section 2,Multiple correct MCQ (+4/0/-1),The p-Block Elements (Group 18),Noble gas compounds,Preparation of xenon fluorides and the role of the Xe:F2 ratio; VSEPR and steric number from valence-electron counting; Lone pairs and distorted geometries; Complete versus partial hydrolysis of XeF6; Xenon fluorides as fluorinating agents; Oxidation states of xenon,Lone pairs come from valence electrons left over after bonding; Steric number 7 cannot give a perfect octahedron; The fluorine-to-xenon ratio selects which fluoride forms; Hydrolysis substitutes without changing the oxidation state; A high oxidation state held by fluorine makes a fluorinating agent,Moderate,"(A), (C), (D)",Yes,"Every geometry derived by one routine from valence-electron counting rather than recalled: XeF4 gives 2 lone pairs, XeF6 gives 1, XeO3 gives 1, applied identically in all three cases; Each step balanced element by element: Xe + 2F2 -> XeF4; XeF4 + O2F2 -> XeF6 + O2; XeF6 + 3H2O -> XeO3 + 6HF; Fluorine bookkeeping on the second step forces XeF6: 4 F from XeF4 plus 2 F from O2F2; Oxidation-state ladder checked: +4 -> +6 -> +6, confirming the O2F2 step is the only redox step and that hydrolysis is a substitution; Statement (B) refuted geometrically rather than by assertion: perfect octahedral requires steric number 6 with zero lone pairs, and XeF6 has steric number 7; Preparation conditions cross-checked against the standard recipes: 2:1 at 673 K / 1 bar gives XeF2, 1:5 at 873 K / 7 bar gives XeF4, 1:20 at 573 K / 60-70 bar gives XeF6; The XeF4 + O2F2 reaction at 143 K confirmed against independent sources as the standard preparation of XeF6; Literature cross-check on the shapes: XeF4 square planar (D4h), XeF6 distorted octahedral (fluxional C3v), XeO3 trigonal pyramidal with O-Xe-O about 103 degrees; Answer derived independently first, then cross-checked against a published answer key and worked solution for this paper, which agree on (A), (C) and (D); Headless-browser run of the finished page: 47 assertions covering every control, both product-selection boundaries, the full chain with atom ledgers, all four molecule models, the fluorinating assay, the gate, predictions, theme toggle, clean console and zero horizontal overflow at 390 px and 360 px","Animated nickel reactor whose particle mix tracks the Xe:F2 ratio, jiggle speed tracks temperature and crowding tracks pressure; Ratio, temperature and pressure each on a slider plus typed input plus steppers, with validation messages; Log-scale phase map showing which fluoride each mixture gives, with the three standard recipes marked and your current setting plotted; A one-click button that sets the paper's exact printed recipe; Three-step reaction chain that only advances when the atom ledger balances, element by element; Fluorinating assay offering Q four substrates including an argon control, with an oxidation-state before-and-after chart; Molecule bench with real 3D coordinates for XeF2, XeF4, XeF6 and XeO3, drag or slider rotation, depth sorting and a lone-pair visibility toggle; Live electron bookkeeping deriving lone pairs, steric number, electron geometry and molecular shape from the counts; Comparison table across all four species; Auto-written lab notebook recording only what was demonstrated; Predict-then-check panel with a prediction-versus-measurement matrix; Answer gated until all four statements have been tested, with a reveal-anyway escape; Step-by-step solution with an independent verification log",simulations/2026/paper-2/chemistry/adv-2026-p2-che-q06/,p-block; group 18; noble gases; xenon; xenon fluorides; xef2; xef4; xef6; xenon trioxide; xeo3; dioxygen difluoride; vsepr; steric number; lone pair; square planar; distorted octahedral; trigonal pyramidal; hydrolysis; fluorinating agent; oxidation state; multiple correct; jee advanced 2026; paper 2; chemistry q6,papers/adv_2026_paper_2.pdf (page 24),P = XeF4; Q = XeF6; R = XeO3; XeF4_lone_pairs = 2; XeF4_steric_number = 6; XeF6_lone_pairs = 1; XeF6_steric_number = 7; XeO3_lone_pairs = 1; XeO3_steric_number = 4; XeO3_bond_angle_deg = 103; oxidation_ladder = Xe(+4) -> Xe(+6) -> Xe(+6)
ADV-2026-P2-CHE-Q07,Complete,2026-08-27,2026-08-27,1,JEE Advanced,2026,Paper 2,Chemistry,7,Section 2,Multiple correct MCQ (+4/0/-1),Classification of Elements and Periodicity,Periodic trends in physical properties,Successive ionisation enthalpies and cation configurations; Isoelectronic ionic radii; Densities of the alkali metals and the Na-K inversion; Bond dissociation enthalpy of the halogens and the F-F anomaly; Effective nuclear charge and shielding,"The second ionisation removes an electron from the cation, not the atom; A filled subshell in the cation makes the next ionisation expensive; Within an isoelectronic set the radius falls as the nuclear charge rises; Density is a ratio, so a faster-growing volume can outrun a growing mass; Lone-pair repulsion on small atoms weakens a single bond",Moderate,(A) and (B),Yes,"Ionisation values taken from primary reference data (Wikipedia element pages, which cite CRC): B 800.6 / 2427.1, C 1086.5 / 2352.6 kJ/mol; The reversal explained structurally, not just numerically: B+ is 1s2 2s2 with a filled penetrating 2s, while C+ is 1s2 2s2 2p1 and loses a shielded 2p electron; The IE2 gap is 74.5 kJ/mol, far outside any measurement uncertainty, so the ordering is not a rounding artefact; All three ions confirmed to hold exactly 10 electrons before their radii were compared, since the trend statement is only meaningful within an isoelectronic set; Shannon six-coordinate radii used throughout: Na+ 102, Mg2+ 72, Al3+ 53.5 pm; Densities cross-checked against element reference pages: K 0.859 g/cm3 at 20 C against Na 0.968, confirming the inversion; Bond enthalpies checked across the whole halogen series: Cl-Cl 242 > Br-Br 193 > F-F 158.8 > I-I 151 kJ/mol, showing fluorine out of place; Distractor audit: (C) and (D) are both correct-sounding generalisations with a famous exception, which is what makes them effective; Answer derived independently first, then cross-checked against a published answer key and worked solution for this paper, which agree on (A) and (B) and quote the same values; Headless-browser run of the finished page: 30 assertions covering the periodic table selector, electron stripping on both elements, the comparison selector, the isoelectronic sweep, both bulk benches, the gate, predictions, theme toggle, clean console and zero horizontal overflow at 390 px and 360 px","Clickable period-2 strip of the periodic table selecting the element on the ionisation bench; Electron-by-electron stripping with the orbital each electron leaves from shown as a shell diagram; Successive-ionisation bar chart with a selectable comparison element overlaid; Live readouts for IE1, IE2, their difference and which orbital the second electron comes from; Isoelectronic slider from O2- to Al3+ holding the electron count at ten, with the ion drawn to scale; Radius-against-nuclear-charge chart with the current species highlighted; Side-by-side scaled circles for Na+, Mg2+ and Al3+ with a comparison table; Alkali-metal bench weighing a fixed cubic centimetre of each metal, with cylinders drawn to density; Density-down-the-group bar chart showing the Na-K inversion; Bond-breaking rig across H2 and the four halogens with a stretch slider reporting the work done; Auto-written lab notebook recording only measurements actually taken; Predict-then-check panel with a prediction-versus-measurement matrix; Answer gated until all four statements have been tested, with a reveal-anyway escape; Step-by-step solution with an independent verification log",simulations/2026/paper-2/chemistry/adv-2026-p2-che-q07/,periodicity; periodic properties; periodic table; ionization enthalpy; second ionization energy; successive ionization; boron; carbon; ionic radius; isoelectronic; effective nuclear charge; shielding; alkali metals; density; sodium; potassium; bond dissociation enthalpy; halogens; fluorine anomaly; multiple correct; jee advanced 2026; paper 2; chemistry q7,papers/adv_2026_paper_2.pdf (page 25),IE2_boron_kJ_per_mol = 2427.1; IE2_carbon_kJ_per_mol = 2352.6; IE2_gap_kJ_per_mol = 74.5; radius_Na_plus_pm = 102.0; radius_Mg_2plus_pm = 72.0; radius_Al_3plus_pm = 53.5; density_Na_g_per_cm3 = 0.968; density_K_g_per_cm3 = 0.856; BDE_H_H_kJ_per_mol = 436.0; BDE_F_F_kJ_per_mol = 158.8
ADV-2026-P2-CHE-Q08,Complete,2026-08-27,2026-08-27,1,JEE Advanced,2026,Paper 2,Chemistry,8,Section 2,Multiple correct MCQ (+4/0/-1),Amines and Diazonium Salts,Diazotisation and azo coupling,"Acetylation as a protecting group for aniline; Nitration of acetanilide and para selectivity; Diazotisation at 273-278 K; Reduction of diazonium salts by ethanol; Cumene process for phenol; Kolbe-Schmitt reaction; Phthalein dye test and the free para position; Azo dyes, conjugation and colour","A protonated amine is deactivating and meta-directing, which is why aniline is acetylated first; The acetyl group moderates activation enough to stop nitration at one substitution; A diazonium salt couples only with a strongly activated ring; Ethanol reduces a diazonium salt and is itself oxidised to an aliphatic aldehyde; The phthalein test needs a free position para to the phenolic OH; Extended push-pull conjugation moves absorption out of the UV into the visible",Moderate-Hard,(B) and (D),Yes,"Every intermediate written as SMILES and parsed with RDKit; the counts quoted come from substructure matching, not from reading a drawing; P returns exactly one nitro substructure match, confirming it is a mononitro compound and refuting statement (C); T returns exactly one aryl-N=N-aryl match plus one nitro match, confirming the azo chromophore; The para position of salicylic acid located programmatically: starting from the phenolic oxygen and walking three ring atoms lands on C5, which carries one hydrogen - the structural requirement for the phthalein test; The phthalein requirement itself verified against independent sources, which state that p-cresol fails the test precisely because its para position is blocked; Reaction of a diazonium salt with ethanol verified against independent sources: it gives the arene plus acetaldehyde plus nitrogen, so the aldehyde formed is aliphatic and statement (A) fails on the word 'aromatic'; Formula bookkeeping across both routes: aniline C6H7N -> acetanilide C8H9NO -> P C8H8N2O3 -> p-nitroaniline C6H6N2O2 -> Q C6H4N3O2+; cumene C9H12 -> phenol C6H6O -> S C7H6O3; T C13H9N3O5; Distractor audit: (A) is half true because an aldehyde really is formed, and (C) is plausible because a nitrating mixture suggests forcing conditions - the acetyl group and the 288 K are what hold it to one substitution; Answer derived independently first, then cross-checked against a published answer key and worked solution for this paper, which agree on (B) and (D) and on coupling at position 5; Headless-browser run of the finished page: 43 assertions covering both routes forwards and backwards, formula and nitro counts at every step, the protecting-group experiment, three bench tests including a negative control on cumene, all four fates of Q, the conjugation sweep, the gate, predictions, theme toggle, clean console and zero horizontal overflow at 390 px and 360 px","The printed reaction scheme redrawn as live SVG structures rather than an image; Route 1 stepper through aniline, acetanilide, P, p-nitroaniline and Q with the structure redrawn at each step, forwards and backwards; Live readouts for the compound, molecular formula, nitro-group count and ring activation at every stage; A protecting-group experiment contrasting nitration with and without the acetyl group and showing what each gives; Route 2 stepper through cumene, phenol, sodium salicylate and salicylic acid with the free para position marked; Three bench tests on whatever is in the flask - phthalein dye, neutral FeCl3 and NaHCO3 - each with a colour swatch and each correctly negative on the wrong compound; Four alternative fates for the diazonium salt including ethanol, water and Sandmeyer, each drawing its actual product; Conjugation slider walking the absorption across a visible spectrum strip, reporting wavelength, colour absorbed and complementary colour seen; Auto-written lab notebook recording only what was demonstrated; Predict-then-check panel with a prediction-versus-measurement matrix; Answer gated until all four statements have been tested, with a reveal-anyway escape; Step-by-step solution with an independent verification log",simulations/2026/paper-2/chemistry/adv-2026-p2-che-q08/,amines; aniline; acetanilide; protecting group; nitration; electrophilic aromatic substitution; diazotisation; diazonium salt; p-nitroaniline; azo coupling; azo dye; cumene process; phenol; kolbe schmitt; salicylic acid; phthalein dye test; conjugation; colour; chromophore; multiple correct; jee advanced 2026; paper 2; chemistry q8,papers/adv_2026_paper_2.pdf (page 25),"P = p-nitroacetanilide, C8H8N2O3; Q = p-nitrobenzenediazonium chloride, C6H4N3O2+; S = salicylic acid, C7H6O3; T = azo dye, C13H9N3O5; nitro_groups_in_P = 1; coupling_position = C5 of salicylic acid, para to the phenolic OH; aldehyde_from_ethanol = acetaldehyde (aliphatic)"
ADV-2026-P2-CHE-Q09,Complete,2026-08-27,2026-08-27,1,JEE Advanced,2026,Paper 2,Chemistry,9,Section 2,Multiple correct MCQ (+4/0/-1),Biomolecules,"Monosaccharides, reducing sugars and optical rotation",Mild versus strong oxidation of glucose; Gluconic acid and saccharic acid; Lobry de Bruyn-van Ekenstein rearrangement; Fehling's test and reducing sugars; Hydrolysis of sucrose and invert sugar; Specific rotation of a mixture; D/L configuration versus (+)/(-) rotation,"A strong oxidant attacks every oxidisable end, not just the reducing one; Alkali converts a ketose into aldoses through a 1,2-enediol; A non-reducing disaccharide has both anomeric carbons tied up; Specific rotation of a mixture is a weighted average, never a sum; Configuration labels and the measured sign of rotation are independent",Moderate-Hard,(B) and (C),Yes,"Every structure written as SMILES and its functional groups counted by SMARTS matching rather than read off a drawing: glucose returns one aldehyde and one primary alcohol, gluconic acid one carboxyl and one primary alcohol, saccharic acid two carboxyls and no oxidisable end left; That count is what refutes (A): glucose has two ends HNO3 can attack, so it reaches the same dicarboxylic acid that gluconic acid does; Fructose confirmed to contain a ketone and no aldehyde, and the 1,2-enediol confirmed to contain the HO-C=C-OH pattern; Fructose, glucose and mannose all return C6H12O6, confirming the alkaline step is an isomerisation with no atoms gained or lost; Glucose and mannose confirmed to differ at exactly one assigned stereocentre, so the 'another aldohexose' in statement (B) is a specific, real compound; Hydrolysis mass balance: sucrose 342.30 + water 18.02 = 360.31 = glucose 180.16 + fructose 180.16; The two hexoses confirmed to have identical molar mass, which is what makes equimolar equal to equal-mass and legitimises the plain average in (D); The mixture rotation computed by mass fraction rather than assumed: -20.000 degrees, identical to the simple average of +52.5 and -92.5; The printed distractor reproduced deliberately: +52.5 + (-92.5) = -40 exactly, confirming it is the undivided sum rather than different chemistry; Sign check on the name: sucrose +66.5 is dextrorotatory while the product mixture is laevorotatory, so the rotation inverts - which is what 'invert sugar' records; Answer derived from first principles first; all four verdicts were fixed before any published key was consulted, and then cross-checked against a published answer key and worked solution for this paper, which agree on (B) and (C); Headless-browser run of the finished page: 71 assertions covering the molecule explorer, both prediction gates refusing to run early, both oxidation flasks, the ketose and the sucrose negative control on Fehling's, the mechanism stepper forwards and back, hydrolysis and the balance, the D/L switch, the tile calculator in both its wrong (-40) and right (-20) configurations, the mixing slider at three compositions, the gate, badges, celebration, traps, progressive hints, teacher mode, theme toggle, clean console and zero horizontal overflow at 390 px and 360 px","Four separate benches, one per printed statement, each gated behind a prediction the student must commit to before the apparatus will run; Reagent shelf with labelled bottles feeding an oxidation flask, with an animated burner; Clickable Fischer projections: tapping -CHO, -CH2OH, -COOH, an -OH or the enediol carbon explains what that group does under the reagent in use; Oxidation comparison table that refuses to settle statement (A) until both starting materials have been run; Animated test tube: blue Cu(II) solution, bubbles on heating, and a brick-red Cu2O precipitate settling out; Fehling's bench includes a genuine negative control - sucrose stays blue because both anomeric carbons are locked up; Four-step mechanism explorer for the Lobry de Bruyn-van Ekenstein rearrangement with play, pause, step forward and step back, and proper equilibrium harpoons; Sucrose drawn as two rings joined by a clickable glycosidic bond, which splits into two labelled products on hydrolysis by acid or by invertase; Balance showing the 1:1 stoichiometry, with the rotation readout flipping from +66.5 to -20; Working polarimeter: source, polariser, sample tube whose polarisation planes rotate with the reading, analyser and dial; D/L switch that converts the printed L rotations into the D values needed, making the configuration-versus-rotation distinction an action rather than a remark; Mixing chamber slider from pure fructose to pure glucose, with the rotation computed by mass fraction; Tap-to-place tile calculator that lets the student build the wrong answer (-40, undivided) and be told exactly which step is missing before building the right one; Six expandable JEE traps, each phrased as the misconception a student actually holds; Progressive four-level hint system on every bench, conceptual clue first and near-solution last; Progress bar, four earnable badges and an end-of-lab celebration reporting evidence collected and prediction accuracy; Auto play that walks the whole investigation, pausing at each prediction; Teacher mode with objectives, expected wrong answers, a teaching order and a discussion question; Answer gated until all four benches have been run, with a reveal-anyway escape; Step-by-step solution with an independent verification log",simulations/2026/paper-2/chemistry/adv-2026-p2-che-q09/,biomolecules; carbohydrates; sugars; glucose; fructose; mannose; sucrose; gluconic acid; saccharic acid; aldaric acid; nitric acid oxidation; fehling test; reducing sugar; enediol; lobry de bruyn van ekenstein; isomerisation; invert sugar; hydrolysis; specific rotation; optical rotation; polarimeter; d and l configuration; dextrorotatory; laevorotatory; multiple correct; jee advanced 2026; paper 2; chemistry q9,papers/adv_2026_paper_2.pdf (page 25),"glucose_plus_HNO3 = saccharic acid; gluconic_acid_plus_HNO3 = saccharic acid; fructose_Fehlings = positive, via the 1,2-enediol to glucose and mannose; sucrose_hydrolysis = D-glucose + D-fructose, 1:1; D_glucose_rotation_deg = 52.5; D_fructose_rotation_deg = -92.5; invert_sugar_rotation_deg = -20.0; printed_distractor_deg = -40.0; sucrose_rotation_deg = 66.5; molar_mass_hexose_g_per_mol = 180.16"
ADV-2026-P2-CHE-Q10,Complete,2026-08-30,2026-08-30,1,JEE Advanced,2026,Paper 2,Chemistry,10,Section 3,Non-negative integer (+4/0/0),Atomic Structure,Bohr model of hydrogen-like species and the Rydberg equation,Hydrogen-like species and the one-electron condition; Energy levels and the Z-squared scaling; Absorption and emission transitions; Rydberg equation and the ratio of two wavelengths; Wavelength versus photon energy; Atomic number versus ionic charge,"Hydrogen-like means exactly one electron, not one proton; The Bohr result E = -13.6 Z^2 / n^2 holds only for a one-electron species; Dividing two Rydberg equations cancels the constant and the wavelength alike; Longer wavelength means lower photon energy, never higher; The charge on a hydrogen-like ion is Z - 1, so the question is one subtraction longer than it looks",Moderate,3,Yes,"Derived from first principles before any published key was consulted: the one-electron condition, the two geometric factors, the ratio and the final subtraction were all fixed independently; The geometric factors computed as exact fractions rather than decimals: 1 - 1/4 = 3/4 and 1/4 - 1/16 = 3/16, whose quotient is exactly 4, so the condition is 4 Z_X^2 / Z_Y^2 = 9 with no rounding anywhere; Brute force over every integer pair with 1 <= Z <= 60: the pairs giving a wavelength ratio of exactly 9.000000 are (3,2), (6,4), (9,6), (12,8) and so on - every one in the ratio 3 : 2 and none outside it, with (3,2) the smallest; Two independent numerical routes agree: Bohr energies with the Rydberg energy 13.605693 eV give lambda_X = 13.5003 nm and lambda_Y = 121.5023 nm, and the Rydberg constant 1.0973732e7 per metre gives the same two numbers; their quotient is 9.0000000000; dE / Z^2 confirmed constant at 2.5511 eV across Z = 1, 2, 3, 4 and 6 for the n = 2 -> 4 transition, which is the Z^2 scaling the whole argument rests on; Direction of the ratio checked: reversing it to Z_X : Z_Y = 2 : 3 gives 1.7778, and two hydrogen atoms give exactly 4 - neither is 9; Both ions confirmed to be genuinely positive at the minimum, a = 2 and b = 1, as the notation X(a+) and Y(b+) requires; a + b = 5m - 2 confirmed strictly increasing, so m = 1 is the minimum rather than an assumption; The printed traps reproduced deliberately: Z_X + Z_Y = 5 is a different number from a + b = 3, and dropping the factor of 4 would give the ratio 3 : 1 instead of 3 : 2; Answer cross-checked afterwards against a published worked solution for this paper, which reports the same intermediate values (Z_X = 3, Z_Y = 2, a = 2, b = 1) and the same answer, 3. IIT Roorkee's official key was not retrievable at the time of writing; Headless-browser run of the finished page: 88 assertions covering the ion foundry and its non-hydrogen-like refusal, the spectrometer with a deliberately mistuned photon passing through and a matched one being absorbed, the recorded absorption lines and the spectrum strip, the Z-squared chart, the ratio hunter locking only on multiples of (3,2), the self-stopping sweep, the charge tally, the m study staying blank until it is earned, the gate, badges, celebration, traps, progressive hints, teacher mode, theme toggle, clean console and zero horizontal overflow at 390 px and 360 px","Four benches, one per decision the question hides, each gated behind a prediction the student must commit to before the apparatus will settle anything; Ion foundry: a Z slider builds the nucleus proton by proton so the protons can actually be counted, with electrons stripped and replaced one at a time; The species is named live - H, He+, Li2+, Be3+ - and the drawing states plainly when Bohr's E = -13.6 Z^2/n^2 no longer applies because more than one electron is present; Claim A refuses to settle on a single species: two hydrogen-like species with different atomic numbers have to be built before the comparison can be made; Working absorption spectrometer: tuneable source, slit, sample chamber holding the ion, and a detector; The photon is drawn as a wave packet whose drawn wavelength and colour follow the energy actually selected, and it travels along the beam rather than appearing at its destination; Absorption is all-or-nothing: a mistuned photon flies through the sample to the detector, a matched one vanishes into the atom, the electron visibly jumps, and after a moment it falls back and re-emits; Energy ladder drawn to scale from E_n = -13.6 Z^2/n^2, with level labels nudged apart and led back to their lines so the crowding towards zero stays readable; Every absorbed photon leaves a dark line on a logarithmic spectrum strip banded X-ray, extreme UV, ultraviolet, visible and infrared, so the student sees that neither line in this question is visible light; Chart of transition energy against atomic number, showing the Z-squared law with the current sample marked on it; Ratio hunter: two ladders side by side, each locked to the transition the question gives it, with two atomic-number dials and a live wavelength ratio that only locks at exactly 9.0000; A sweep helper that walks Z_X upwards and stops itself the moment the ratio locks; Found-pair table showing that every solution is a multiple of (3, 2), with a + b growing for every multiple above the first; Charge counter: the ion drawn with countable protons and its single electron, a tally that converts protons and electrons into a and b, and the sum; An m study proving the minimum rather than asserting it - it stays blank until both ions have been counted, so it cannot print the answer to a student who is only scrolling; Seven expandable JEE traps, each phrased as the misconception a student actually holds, starting with the 3 + 2 = 5 error; Progressive four-level hint system on every bench, conceptual clue first and near-solution last; Progress bar, four earnable badges and an end-of-lab celebration reporting evidence collected and prediction accuracy; Auto play that walks the whole investigation, pausing at each prediction; Teacher mode with objectives, the expected wrong answers ranked, a teaching order and a discussion question; Answer gated until all four benches have been run, with a reveal-anyway escape; Step-by-step solution with an independent verification log",simulations/2026/paper-2/chemistry/adv-2026-p2-che-q10/,atomic structure; bohr model; hydrogen-like species; hydrogenic ion; rydberg equation; rydberg constant; energy levels; principal quantum number; absorption spectrum; emission spectrum; spectral lines; photon energy; wavelength ratio; atomic number; ionic charge; lithium ion; helium ion; Li2+; He+; z squared scaling; spectroscopy; integer answer; jee advanced 2026; paper 2; chemistry q10,papers/adv_2026_paper_2.pdf (page 26),"Z_X = 3; Z_Y = 2; a = 2; b = 1; a_plus_b = 3; ion_X = Li2+; ion_Y = He+; geometric_factor_X_n1_to_n2 = 3/4; geometric_factor_Y_n2_to_n4 = 3/16; ratio_of_geometric_factors = 4; Z_ratio = 3:2; dE_X_eV = 91.8384; dE_Y_eV = 10.2043; lambda_X_nm = 13.5003; lambda_Y_nm = 121.5023; lambda_ratio = 9.0; general_family = (Z_X, Z_Y) = (3m, 2m), a + b = 5m - 2; printed_trap_sum_of_Z = 5"
ADV-2026-P2-CHE-Q11,Complete,2026-09-05,2026-09-05,2,JEE Advanced,2026,Paper 2,Chemistry,11,Section 3,Numerical value (+4/0/0),Surface Chemistry,Freundlich adsorption isotherm from solution,Adsorption from solution onto a solid; Freundlich isotherm and its logarithmic form; Slope and intercept of the log-log plot; Weak-acid equilibrium and Ka; pH and hydrogen-ion concentration; Mass balance on the adsorbate,"Adsorption is a surface process, so nothing leaves the flask - the adsorbate only changes address; A pH reading gives the hydrogen ion, not the weak acid that produced it; Ka is the conversion factor between [H+] and the concentration of an undissociated weak acid; The C in the Freundlich isotherm is the concentration left at equilibrium, never the initial one; Taking logarithms turns a power law into a straight line whose gradient is 1/n and whose intercept is log k",Moderate,1.5,Yes,"Derived from first principles before any published solution was consulted: the mole calculation, the Ka inversion, the mass balance, the slope-to-n step and the final division were all fixed independently; The Ka route checked in both directions: forwards it gives C = 0.10 mol/L from pH 3.00, and substituting back, [H+] = sqrt(Ka x C) = 1.000e-3, reproducing the meter reading exactly; Conservation checked explicitly to machine precision: 0.30 g left in solution + 0.15 g adsorbed = 0.45 g weighed out, and the simulation enforces the same identity frame by frame while the flask is shaking; Two independent routes to k agree: dividing (x/m) by C gives 1.5, and the intercept of the log-log line gives log10 k = 0.176091, i.e. k = 1.500000; Units confirmed by dimensional analysis: (g/g) / (mol/L) = L/mol, which is the unit the question asks for - itself a check that x was correctly taken as a mass rather than a number of moles; The traps reproduced deliberately: using the initial 0.15 M gives exactly 1.0; treating pH 3 as the acid concentration gives an absurd 150; dividing by 50 instead of 0.050 L gives 0.00015; putting x in moles gives 0.025 L/g. None is 1.5; The intended approximation quantified rather than assumed: solving the weak-acid equilibrium exactly, without treating the acid left in solution as wholly undissociated, gives C = 0.1010 mol/L and k = 1.455 - a 3.0% shift. The question's round numbers are chosen so the standard approximation lands on a clean 1.5, which is the intended answer; Answer cross-checked afterwards against a published worked solution for this paper, which follows the same steps and reports the same intermediate values (1e-3 M, 0.10 M, 0.005 mol, 0.30 g, 0.15 g, n = 1) and the same answer, 1.5 L/mol. IIT Roorkee's official key was not retrievable at the time of writing; Headless-browser run of the finished page: 87 assertions driving the whole run end to end - the balance animation, the charcoal addition, mass conservation asserted mid-shake as well as at equilibrium, the self-stopping shake, the pH meter settling, the working revealing one line at a time with nothing shown before it is earned, the mass balance, the locked Calculate-k button until the gradient matches the question, the slope triangle and the intercept route, the answer appearing only at the final step, the concentration switch, the notebook and final record, auto run, explain mode, teacher mode, theme toggle, clean console and zero horizontal overflow at 390 px and 360 px","One continuous experiment rather than separate exercises: seven steps, one primary action at a time, and the answer withheld until the run concludes; A single laboratory scene carries the whole run - digital balance, 50 mL measuring cylinder, conical flask on a shaker and a pH meter - changing state as each step is performed rather than being replaced by a new picture; A step rail across the top shows where the run has got to, with completed steps in green and the current one highlighted; The balance display counts up to 0.45 g and the acid then visibly disperses through the water as 45 dots, one per 0.01 g; Charcoal grains drawn as irregular porous particles; the flask rocks on the shaker and the liquid surface sways while the molecules move, collide with the grains and snap onto surface sites; A live instrument panel of thirteen gauges fills in as the run proceeds - measured quantities in blue, derived ones in green - so the dashboard shows exactly how much is known at any moment; Mass conservation is visible in the panel throughout the shake: the acid in solution falls and the acid adsorbed rises while the two always sum to the 0.45 g weighed out; The shake stops itself the moment adsorption reaches equilibrium and the run advances on its own; The pH probe descends down the neck of the flask and the meter settles from 7 down to 3.00 with a little noise before locking; The working appears one line at a time as the measurement behind it lands - nothing of the derivation is on the page before it has been earned; An animated mass-balance bar splits the 0.45 g into the 0.30 g still dissolved and the 0.15 g on the surface, with the arithmetic written underneath; The log-log plot places the measured point automatically, but the gradient is not handed over: it starts at 0.60 and the Calculate-k button stays locked until it is set to the value the question specifies; An animated slope triangle reports rise, run and rise/run so 1/n is read off rather than recalled, and the intercept is marked at log C = 0 and labelled log k as a second, independent route to the same number; The result box stays a placeholder until the final step, then reveals k = 1.5 L per mole; A concentration switch lets the student rerun the arithmetic with the initial 0.15 M and see the commonest wrong answer, 1.0, together with an explanation of which concentration the isotherm actually means; Experiment / Explain toggle that overlays short conceptual notes on the scene, the numbers and the plot without leaving the experiment; Auto run plays the whole experiment through unattended in about half a minute, for classroom demonstration; Lab notebook written as the run proceeds, plus a final record table that fills in quantity by quantity and ends at k; Seven expandable notes on the mistakes students actually make on this question, starting with the initial-concentration error; Teacher mode with objectives, the expected wrong answers ranked by frequency, a teaching order and a discussion question; Answer and step-by-step derivation gated until the experiment concludes, with a reveal-anyway escape; Step-by-step solution with an independent verification log",simulations/2026/paper-2/chemistry/adv-2026-p2-che-q11/,surface chemistry; adsorption; adsorption from solution; freundlich isotherm; freundlich adsorption isotherm; activated charcoal; acetic acid; adsorbate; adsorbent; log-log plot; slope and intercept; weak acid; acid dissociation constant; ka; ph; hydrogen ion concentration; ionic equilibrium; mass balance; equilibrium concentration; numerical value; jee advanced 2026; paper 2; chemistry q11,papers/adv_2026_paper_2.pdf (page 27),mass_acid_taken_g = 0.45; molar_mass_g_per_mol = 60; moles_taken = 0.0075; volume_L = 0.05; C_initial_mol_per_L = 0.15; pH = 3.0; H_plus_mol_per_L = 0.001; Ka = 1e-05; C_equilibrium_mol_per_L = 0.1; moles_left_in_solution = 0.005; mass_left_in_solution_g = 0.3; mass_adsorbed_x_g = 0.15; mass_charcoal_m_g = 1.0; x_over_m = 0.15; slope = 1; n = 1; k_L_per_mol = 1.5; log10_k_intercept = 0.176091; fraction_adsorbed_percent = 33.3; trap_using_initial_C = 1.0; trap_pH_as_concentration = 150; trap_x_in_moles_L_per_g = 0.025; exact_weak_acid_treatment_k = 1.4554
ADV-2026-P2-CHE-Q12,Complete,2026-09-09,2026-09-09,2,JEE Advanced,2026,Paper 2,Chemistry,12,Section 3,Numerical value (+4/0/0),Solutions and Colligative Properties,Elevation of boiling point with a partially dissociated solute,Elevation of boiling point; Ebullioscopic constant from enthalpy of vaporisation; van't Hoff factor from dissociation stoichiometry; Molality from a mass percentage; Degree of dissociation; Cancellation of an unknown molar mass,"Kb is not a table value here - it follows from the solvent's boiling point and enthalpy of vaporisation; Quoting the enthalpy of vaporisation as 10R makes the gas constant cancel out of Kb entirely; Kb is proportional to the solvent's molar mass and the molality is inversely proportional to it, so their product is independent of the solvent; A colligative property counts particles, so B giving 2C + 2D contributes four particles for every one that dissociates; i = 1 + 3(alpha) for B into 2C + 2D, bounded by 1 and 4; The rise in boiling point is measured from the pure solvent, not the boiling point itself",Moderate,33.33,Yes,"Derived from first principles before any published solution was consulted: Kb from the thermodynamic definition, the molality from the mass percent, i from the measured rise and alpha from the dissociation stoichiometry; The cancellation of the solvent's molar mass checked symbolically with M_S carried as a free symbol - Kb x m reduces to the constant 4 K, so the result holds for every solvent and not merely for the values tried; Back-substitution with M_S = 12, 20, 33.3, 58.5 and 180 g/mol: alpha = 1/3 returns dTb = 8.000000 K and a boiling point of exactly 408 K in every case; Limiting cases: i = 1 + 3 alpha gives i = 1 at alpha = 0 and i = 4 at alpha = 1, bracketing boiling points of 404 K and 416 K, so the measured 408 K is consistent with partial dissociation as the question states; Units confirmed by dimensional analysis: K kg/mol times mol/kg leaves kelvin, and i is dimensionless; The distractors reproduced deliberately: i = 1 + alpha gives 100 %, which the word 'partially' rules out; ignoring dissociation gives 404 K; using Tb in place of dTb gives i = 102, above the ceiling of 4; ignoring the factor of ten in M_B gives a rise of 80 K. None is 33.33; The alternative reading of '0.25 % (mass/mass)' quantified rather than assumed: taking 0.25 g of B in 100 g of solution gives Kb x m = 4.0100 K, i = 1.99500 and 33.17 %. The paper's numbers are chosen so the conventional reading lands on i = 2 exactly and a clean 33.33, which is the intended answer; Answer cross-checked afterwards against a published worked solution for this paper, which follows the same route (Kb = 16 M_S, Kb x m = 4, i = 2, i = 1 + 3 alpha) and reports the same 33.33. IIT Roorkee's official key was not retrievable at the time of writing; Headless-browser run of the finished page: 93 assertions driving the whole flow - the empty instrument panel with no answer anywhere on it, inline validation of bad and out-of-range entries, the Run button arming only on complete data, each of the six steps in turn (the flask filling and reaching the entered boiling point, B appearing as twelve units, the undissociated boil landing on 404 K, the shortfall band, units splitting mid-run, and the final count of 24), pause and resume genuinely freezing and restarting the clock, the answer absent until the last step, the result panel and the gate, the model checked to be general rather than hard-coded, refusals for a measurement below the undissociated value and above the full-dissociation ceiling, one C and one D reproducing the 100 percent distractor, the solvent sweep holding Kb x m at 4.000, theme toggle, clean console, zero horizontal overflow at 390 px and 360 px, and the whole bench measuring under 700 px so it fits in one window","Enter the data, run the experiment, watch it produce the answer: the page has three phases - an instrument panel you fill in, a run you watch step by step, and a result read off the finished run; Seven input boxes, one for every quantity the question gives: the boiling point of the pure solvent, the enthalpy of vaporisation as a multiple of R, the molar-mass ratio of B to S, the concentration in mass percent, the boiling point of the solution, and the two stoichiometric coefficients of B into C and D; There is deliberately no box for the molar mass of the solvent, because the experiment does not need one - section 03 proves it; Every entry is validated as it is typed, with the reason given in place; the Run experiment button stays disabled until all seven boxes hold usable values; Nothing is precomputed: the model runs on whatever is entered, so the page reaches a different answer for different data and refuses data that cannot be reconciled; The run has six visible steps on a rail, each narrated in terms of the numbers the student typed: boil the pure solvent, weigh in B, boil again, compare with the measurement, let B dissociate, count what is left; Step 1 fills the flask, the hotplate glows, bubbles start and the thermometer climbs to the entered boiling point of the pure solvent - the baseline everything else is measured from; Step 2 drops twelve drawn units of B into the liquid and the molality appears in the working; Step 3 boils the solution with nothing dissociated and lands short of the measurement, which is the whole point of the question made visible; Step 4 draws the shortfall as an orange band on the temperature scale, labelled with the kelvin nobody has accounted for yet; Step 5 lets B break apart: each unit visibly comes apart into two C and two D, the particle count climbs, and the thermometer rises with it until it reaches the measurement the student entered - the answer emerges from the run rather than being printed; Step 6 counts what is in the flask - twelve dissolved, twenty-four present - and that ratio is the van't Hoff factor; Six live gauges that fill in only as the run establishes them, with the mole percent staying blank until the final step; The working is written one line at a time as the step that earns it is carried out, and the box scrolls itself to the newest line; A chart of boiling point against mole percent dissociated, drawn from the entered data, with the measurement dashed across it and a marker that travels along the curve during step 5; Playback controls: pause, resume, replay, and 0.5x / 1x / 2x speed, plus a change-the-data button that returns to the instrument panel with the entries kept; The result panel gives the answer with a plain-language account of how the run produced it, quoting the student's own numbers at every stage; The bench refuses impossible data and says why: a boiling point below the undissociated value, or above the ceiling that complete dissociation could reach, stops the run at the comparison step with the ceiling stated; Entering one C and one D reproduces the commonest wrong reading, 100 percent, as a run rather than as a warning; A separate panel sweeps the molar mass of the solvent across its whole range and shows Kb rising, the molality falling and their product never moving - computed from the data the student entered; A log of every run made, refusals included, and a lab notebook that writes itself when the bench settles something; A record of the run that fills in quantity by quantity, four cards on the wrong answers this question really produces, and the derivation gated until a run finishes; Step-by-step solution with an independent verification log",simulations/2026/paper-2/chemistry/adv-2026-p2-che-q12/,solutions; colligative properties; boiling point elevation; ebullioscopic constant; kb; enthalpy of vaporisation; van't hoff factor; degree of dissociation; partial dissociation; molality; mass percent; non-volatile solute; clausius clapeyron; numerical value; jee advanced 2026; paper 2; chemistry q12; data entry; run the experiment,papers/adv_2026_paper_2.pdf (page 28),Tb_pure_K = 400; dHvap_over_R = 10; Kb_over_Ms = 16; mass_percent = 0.25; solvent_mass_g = 100; MB_over_MS = 10; molality_times_Ms = 0.25; Kb_times_m_K = 4.0; Tb_solution_K = 408; dTb_K = 8; i = 2; alpha = 0.333333; mole_percent_dissociated = 33.33; i_if_undissociated = 1; Tb_if_undissociated_K = 404; i_max_complete_dissociation = 4; Tb_if_complete_K = 416; trap_i_equals_1_plus_alpha_percent = 100; trap_Tb_instead_of_dTb_i = 102; strict_mass_of_solution_reading_percent = 33.1667
ADV-2026-P2-CHE-Q13,Complete,2026-09-10,2026-09-10,2,JEE Advanced,2026,Paper 2,Chemistry,13,Section 3,Numerical value (+4/0/0),Coordination Compounds,Geometrical isomerism in octahedral complexes,"Coordination sphere versus counter-ion; Geometry of the octahedron: vertices, edges and faces; cis and trans isomers of an MA4B2 complex; fac and mer isomers of an MA3B3 complex; Counting faces by their corner composition; Edges shared between faces","Only what is inside the square brackets is bonded to the metal - the chloride written outside is the counter-ion and never reaches a vertex; The six sites are numbered the usual way - 1, 2, 3, 4 round the square plane and 5, 6 axial - so the opposite (trans) pairs are 1-3, 2-4 and 5-6 and every other pair is cis; An octahedron has 6 vertices, 12 edges and 8 triangular faces, and every face takes exactly one vertex from each opposite pair; cis means 90 degrees apart, so two cis donors share an edge; trans means opposite, so no face contains both; fac means three mutually cis donors, which form one whole face; mer means one pair is trans and the third is cis to both; Every edge of an octahedron lies in exactly two faces, so a Cl-Cl edge contributes two faces carrying two chlorides; A count like this depends only on the isomer label, not on which particular vertices are drawn",Moderate,6,Yes,"Derived from first principles before any published solution was consulted: the eight faces, both isomer geometries and both counts were enumerated independently; The faces enumerated two ways: taking one vertex from each opposite pair gives 8, and brute force over all C(6,3) = 20 triples with the opposite-pair triples discarded gives the same 8. Euler's formula, 6 - 12 + 8 = 2, agrees; Exhaustive over placements rather than one drawing: all 15 ways of seating two chlorides were classified (12 cis, 3 trans) and every cis placement gives exactly 2 matching faces, every trans placement 0; all 20 ways of seating three were classified (8 fac, 12 mer) and every mer placement gives exactly 4, every fac placement 3. The answer therefore cannot depend on which vertices are drawn, and the page reproduces that table live; The face census closes: cis splits its eight faces 2/4/2/0 across 0, 1, 2 and 3 chlorides and mer splits them 0/4/4/0, both summing to 8, so no face is double-counted or missed; Structural cross-check by a different argument: a face carrying two chlorides is exactly a Cl-Cl edge, and every edge lies in two faces - cis has one such edge giving 2, mer has two giving 4; The distractors reproduced deliberately: fac instead of mer gives 2 + 3 = 5; trans instead of cis gives 0 + 4 = 4; counting 2 N + 1 Cl instead gives 4 + 4 = 8; putting the ionic chloride on a vertex needs seven vertices and is impossible. None is 6; Answer cross-checked afterwards against a published worked solution for this paper, which argues from the same Cl-Cl edges and reports the same 6. IIT Roorkee's official key was not retrievable at the time of writing; Headless-browser run of the finished page: 133 assertions driving the whole flow - the geometry the page is built on including the 1-to-6 site numbering and its trans pairs 1-3, 2-4, 5-6, the exhaustive placement check, the empty instrument panel with the answer nowhere on it, the refusal of seven donor atoms and of a face pattern that does not add to three, the isomer control adapting to the numbers typed and defining the isomer it is given along with the sites it seats, each of the six run steps in turn, pause and resume genuinely freezing and restarting the clock, the model turning to the face under inspection, the ledger and chips filling live in position numbers, the answer blinking on arrival and the blink stopping rather than looping, the result panel and the gate, browsing either complex afterwards and clicking a ledger row to re-inspect a face, all three traps reproduced as runs, theme toggle, clean console, zero horizontal overflow at 390 px and 360 px, and a bench that fits in one window","Enter the data, run the experiment, watch it produce the answer: an instrument panel you fill in, a six-step inspection you watch, and a tally read off the finished run; One input for every quantity the question gives: the N and Cl donor counts of each coordination sphere, the isomer of each, and the composition of the face being looked for; The six sites are numbered 1 to 6 the way an octahedral complex normally is - 1, 2, 3, 4 round the square plane and 5, 6 axial - and the numbering key, with the trans pairs 1-3, 2-4 and 5-6, is printed under the model; every number appears on its own site and brightens on the face under inspection; The isomer control relabels itself from the numbers typed - two of one ligand offers cis / trans, three offers fac / mer, anything else says there is only one arrangement - and nothing is pre-selected, so the isomer is data the student supplies; Choosing an isomer makes the panel define it and say where it seats the ligands and why: cis is 90 degrees apart so the bench uses 1 and 5, one in the plane and one axial; mer has one trans pair and a third cis to both, so it uses 5, 6 and 1; trans uses the opposite pair 5 and 6; fac uses the mutually cis 1, 2 and 5; The bench refuses what it cannot build and says why: seven donor atoms will not fit on six vertices, which is exactly the counter-ion trap the question sets, and a face pattern that does not add to three is rejected against the field; A ghost octahedron idles on the bench before the run, so the apparatus is visibly waiting for data; Step 1 draws the cage in edge by edge and states why there are eight faces; Step 2 flies the ligands in to the vertices the isomer demands, and the Cl-Cl edges light up in orange as they land; Step 3 turns the model so each of the eight triangular faces points at the viewer in turn, shades the face under inspection, and reads its three corners out - the inspection is a physical action, not a table; Step 4 lifts the ligands off and lands the second complex on the same cage, so it is visibly the same eight faces with different labels; A live tally under the model counts the matching faces as they are found, with eight chips ticking off face by face; A face ledger fills in row by row with each face's corners, what sits on them in colour, and whether it matched; Six live gauges that fill in only as the run establishes them, with the total staying blank until the inspection starts; The working writes itself one line per step and the box scrolls itself to the newest line; Playback controls: pause, resume, replay and 0.5x / 1x / 2x speed, plus a change-the-data button that returns to the panel with the entries kept; After the run either complex can be reloaded onto the model, and clicking any ledger row turns the model to that face so it can be checked by eye; An exhaustive symmetry panel that lists every placement of the same isomer class - all 12 cis, all 12 mer - with the count each gives, proving that the vertices the bench chose could not have mattered; All three distractors are reachable as runs rather than warnings: fac gives 5, trans gives 4, and asking for 2 N + 1 Cl gives 8; A log of every run made, a lab notebook that writes itself, a record of the run that fills in quantity by quantity, and the derivation gated until an inspection finishes; Step-by-step solution with an independent verification log; When the tally lands, the answer blinks - in the result box, the header, the live tally and the total gauge - and the result box pulses a ring, so the moment it is produced is unmissable; the animation runs twice and stops rather than looping, and is suppressed for readers who ask for reduced motion",simulations/2026/paper-2/chemistry/adv-2026-p2-che-q13/,coordination compounds; octahedral complex; geometrical isomerism; cis isomer; trans isomer; fac isomer; mer isomer; facial; meridional; coordination sphere; counter ion; ionisation; cobalt complex; ammine complex; chlorido ligand; octahedron geometry; triangular faces; vertices edges faces; euler formula; counting problem; numerical value; jee advanced 2026; paper 2; chemistry q13; data entry; run the experiment; site numbering; position 1 to 6,papers/adv_2026_paper_2.pdf (page 28),"vertices = 6; edges = 12; triangular_faces = 8; euler_check = 2; complex_A_donors = 4 N + 2 Cl; complex_A_isomer = cis; complex_A_ClCl_edges = 1; complex_A_matching_faces = 2; complex_B_donors = 3 N + 3 Cl; complex_B_isomer = mer; complex_B_ClCl_edges = 2; complex_B_matching_faces = 4; total = 6; cis_face_census_0_1_2_3_Cl = 2 / 4 / 2 / 0; mer_face_census_0_1_2_3_Cl = 0 / 4 / 4 / 0; cis_placements_all_giving_2 = 12; trans_placements_all_giving_0 = 3; mer_placements_all_giving_4 = 12; fac_placements_all_giving_3 = 8; trap_fac_instead_of_mer = 5; trap_trans_instead_of_cis = 4; trap_counting_2N_1Cl = 8; trap_ionic_Cl_as_ligand = 7 donor atoms, impossible; site_numbering = 1 2 3 4 = square plane, 5 6 = axial; trans_pairs = 1-3, 2-4, 5-6; cis_seats_used = 1 and 5; trans_seats_used = 5 and 6; mer_seats_used = 1, 5 and 6; fac_seats_used = 1, 2 and 5"
ADV-2026-P2-CHE-Q14,Complete,2026-09-14,2026-09-14,1,JEE Advanced,2026,Paper 2,Chemistry,14,Section 3,Numerical value (+4/0/0),Polymers,Condensation copolymer from a reaction sequence,Nitrile route for one-carbon ascent; Hydrolysis of a nitrile to a carboxylic acid; Hell-Volhard-Zelinsky alpha-bromination; Amination of an alpha-halo acid; Acidic hydrolysis of a lactam and ring opening; Condensation polymerisation and the water eliminated; Linear chain: n units give n minus 1 links,"Cyanide displacement is the only step in the sequence that changes the carbon count, which alone fixes X as a two-carbon acid; Red P with Br2 is the Hell-Volhard-Zelinsky reaction and brominates the alpha carbon of an acid; Excess ammonia converts an alpha-bromo acid to an alpha-amino acid without alkylating twice; A lactam is a cyclic amide; hydrolysis adds a water across the C-N bond and opens the ring, so the product is 18 heavier than the lactam; A polyamide needs an amine at one end and an acid at the other, which is why both monomers must be acyclic; Condensation polymerisation ejects one small molecule per link, so the polymer is always lighter than the monomers that made it; A chain of n units with two loose ends has n minus 1 links, not n - the word acyclic in the question is what makes it 999 rather than 1000; Not every number given in a question is used: bromine appears only in an intermediate and never reaches the answer",Moderate-Hard,85018,Yes,"Derived from first principles before any published solution was consulted: both structures, both molar masses, the link count and the arithmetic were fixed independently; The carbon count tracked through the whole sequence: CH3I has one carbon and glycine has two, and the only step that adds carbon is the cyanide displacement, which alone forces X to be a two-carbon acid independently of recognising the reagents; Hydrolysis of the lactam checked atom by atom rather than by name: C6H11NO + H2O = C6H13NO2 balances on every element, and 113 + 18 = 131 on the masses; The answer computed twice by different routes: subtracting the water from the monomer mass gives 85018 g, and counting the atoms of one mole of chain (C4000 H7002 N1000 O1001) and multiplying by the atomic masses gives 85018 g to machine precision; Conservation of mass checked explicitly: 103000 g of monomer = 85018 g of polymer + 17982 g of water, with no element going negative; The model tested away from the paper's numbers: two chains instead of one gives 85036 g, a 300/700 split gives 96218 g, and with one unit per chain no links form, no water is lost and the mass reduces to the monomer mass - so the formula degrades correctly at the boundary rather than by luck; The distractors reproduced deliberately: losing 1000 waters gives 85000; forgetting the water gives 103000; using caprolactam (113) in place of Y gives 94000. None is 85018; Answer cross-checked afterwards against a published worked solution for this paper, which identifies the same X and Y, uses the same 999 waters and reports the same 85018. IIT Roorkee's official key was not retrievable at the time of writing; Headless-browser run of the finished page: 98 assertions driving the whole flow - the chemistry the page is built on, the model's behaviour away from the paper's numbers, the empty control panel with the answer nowhere on it, the refusal of more chains than units, each of the four experiment screens in turn (the four reagent steps with the right molecule on screen, the ring opening with water attacking the C-N bond, one water per link accelerating to 999, and the arithmetic with its last value withheld), the suspense card, the graffiti reveal with its spray filter and particle burst, the header blinking once and stopping, the record and monomer cards, a re-run on different data giving a different answer, replay, theme toggle, clean console, zero horizontal overflow at 390 px and 360 px, and a theatre that fits in one window","Five short screens following one principle - enter the data, watch the chemistry, see the numbers, reveal the answer - with the whole run taking about forty seconds; A reactor control panel with three glass vessels: how much X, how much Y, and how many moles of polymer they must end up as, with the atomic masses underneath, pre-filled from the question and editable; Every molar mass on the page is summed from those four atomic masses, so nothing is a remembered constant and changing carbon to 13 changes every number downstream; Bromine is shown in the panel but greyed out and labelled as never reaching the answer - a number the question gives that is not a number you use; Nothing is identified at the start: the panel does not say what X and Y are, and the reactor works them out; The reactor refuses a charge it cannot make - more chains than monomer units - with the reason given against the field; Screen 2 builds X from CH3I with the four reagents flying in one at a time, the molecule redrawn at each step and only the group that changed haloed, with a five-stop rail tracking CH3I to CH3CN to CH3COOH to BrCH2COOH to the amino acid; Each step is named as it happens: cyanide displacement, nitrile hydrolysis, Hell-Volhard-Zelinsky, ammonolysis; Screen 3 draws caprolactam as a real seven-membered ring with the C-N bond about to break picked out in red, sends a water molecule in to attack it, and then unrolls the ring into a zig-zag chain - the same seven atoms morphing from heptagon to chain while H2N appears at one end and OH grows at the other; The ring-opening screen shows 113 + 18 = 131 as it finishes, so the molar mass of Y is seen to come from the chemistry; Screen 4 feeds two streams of monomers into a reactor, grows the chain one unit at a time alternating the two colours, and ejects a visible water molecule at every link while live counters show units linked, links formed and water released; After six links the animation accelerates smoothly to 1000 units and 999 waters - the water count staying one behind the unit count, which is the whole question; Screen 5 assembles the arithmetic one line at a time and deliberately withholds the last value, leaving 103 000 minus 17 982 equals a question mark; A suspense card then asks what the mass of Z is, over a row of blanks, with a pulsing Reveal answer button; The reveal sprays the answer across the screen in rough-edged graffiti lettering with drips, an offset shadow and a burst of particles and chemical glyphs, and the header answer box blinks once; Reference cards for both monomers are drawn afterwards with their molar masses added up element by element from the atomic masses entered; Replay experiment and change the data are available from every screen after the first, and the entries are kept; Four cards on the wrong answers this question really produces: 85000 from losing 1000 waters, 103000 from forgetting the water, 94000 from using caprolactam as Y, and getting stuck hunting for bromine; A record of the run that fills in quantity by quantity, and the derivation gated until the answer is revealed; Step-by-step solution with an independent verification log",simulations/2026/paper-2/chemistry/adv-2026-p2-che-q14/,polymers; condensation polymerisation; copolymer; polyamide; nylon; biodegradable polymer; glycine; amino acid; caprolactam; lactam hydrolysis; 6-aminohexanoic acid; epsilon aminocaproic acid; ring opening; nitrile hydrolysis; kcn; hell volhard zelinsky; hvz reaction; alpha bromination; ammonolysis; degree of polymerisation; water eliminated; mole concept; numerical value; jee advanced 2026; paper 2; chemistry q14; data entry; run the experiment,papers/adv_2026_paper_2.pdf (page 28),"X = glycine, C2H5NO2; M_X_g_per_mol = 75; Y = 6-aminohexanoic acid, C6H13NO2; M_Y_g_per_mol = 131; caprolactam = C6H11NO; M_caprolactam_g_per_mol = 113; M_water_g_per_mol = 18; n_X_mol = 500; n_Y_mol = 500; n_Z_mol = 1; monomer_units_mol = 1000; units_per_chain = 1000; links_mol = 999; mass_X_g = 37500; mass_Y_g = 65500; mass_in_g = 103000; mass_water_g = 17982; mass_Z_g = 85018; polymer_composition = C4000 H7002 N1000 O1001; trap_1000_waters_g = 85000; trap_no_water_g = 103000; trap_caprolactam_as_Y_g = 94000; check_two_chains_g = 85036; check_300_700_split_g = 96218 | The paper says 500 mol of X and 500 mol of Y, not 500 mL; the simulation quotes it as the paper does and takes amounts in moles. IIT Roorkee's official key was not retrievable; the published solution used for cross-checking agrees on both monomers, on the 999 waters and on the final number."
ADV-2026-P2-CHE-Q15,Complete,2026-09-15,2026-09-15,1,JEE Advanced,2026,Paper 2,Chemistry,15,Section 4,Numerical value (+2/0/0),Solutions and Colligative Properties,Raoult's law for ideal solutions of two volatile liquids,"Molality to mole fraction, and why the solvent's molar mass is needed; Raoult's law for a binary ideal solution; Vapour pressure of a pure component recovered from a measured total; Molar volume of a liquid from its density; Molar volume of an ideal gas at a stated pressure; Converting mm Hg to atm to match the units of R; Dimensionless ratios of two molar quantities","Molality counts moles of solute per kilogram of solvent while mole fraction counts them against every mole present, so a molality always has to be converted before Raoult's law can be used - and the conversion is what the molar mass of A is given for; The mass of solvent taken is a free choice: x(B) = m / (m + 1000/M(A)) contains no w(A), so the answer is the same for 500 g or 2500 g of A; For an ideal solution each component's partial pressure is its pure vapour pressure times its own mole fraction, and the total is a straight line between p(A) and p(B); With p(total), p(A) and both mole fractions known, Raoult's law has exactly one unknown left, which is what makes the first half of this question a one-line solve; A liquid's molar volume comes from density alone - M/rho - with no temperature and no pressure in it, because its molecules are already touching; Molar volume of pure B in the vapour phase means one mole of B alone at its own vapour pressure p(B), not at the mixture's total pressure and not at 1 atm - this is the single decision the whole question turns on; R quoted in L atm K-1 mol-1 forces the pressure into atmospheres, which is why the stem also hands over 1 atm = 760 mm Hg; Both molar volumes are per mole, so the ratio is a pure number: RTrho x 1000 / (M x p); A vapour near a tenth of an atmosphere occupies about a thousand times the volume of the same mole of liquid, but in each linear direction the expansion is only the cube root of that - about 12.6",Moderate,2000,Yes,"Derived from first principles before any published solution was consulted: the molality-to-mole-fraction conversion, the Raoult solve for p(B)deg, both molar volumes and the final division were each fixed independently; The choice of basis proved irrelevant rather than assumed: repeating the calculation on 500 g, 1000 g, 2500 g and 137 g of A returns x(B) = 0.2 in every case, matching the closed form m/(m + 1000/M(A)) computed in exact rational arithmetic - and the simulation reproduces this live, so sweeping the mass of A changes n(A) and n(B) on the gauges while the answer never moves; Raoult back-substitution: putting p(B)deg = 80 mm Hg back in gives 105(0.8) + 80(0.2) = 84 + 16 = 100 mm Hg, exactly the total the question states, and the direction is consistent because p(total) < p(A)deg requires p(B)deg < p(A)deg; The ratio computed twice by different routes: RT/p divided by M/rho gives 2000, and the closed form R T rho x 1000 / (M x p) gives 2000 to machine precision. V(vapour) itself was obtained both as RT/(p/760) and as RT x 760/p, both 228 L/mol; Scaling laws checked away from the paper's numbers: doubling T doubles the ratio, doubling p(B)deg halves it, doubling the density of the liquid doubles it and doubling M(B) halves it - exactly as RTrho/(Mp) requires, so the model is valid across its whole input range rather than at one point; Dimensions and magnitude: L mol-1 over L mol-1 leaves a pure number. At 1 atm and 300 K the molar volume would be 24 L mol-1, and at 80/760 atm it is 9.5 times larger, giving 228 - and a vapour near a tenth of an atmosphere occupying about 10^3 times a liquid's volume is the expected order of magnitude; The distractors reproduced deliberately, each as a run on the student's own data: using p(total) gives 1600, using p(A)deg gives 1523.81, forgetting the mm Hg to atm conversion gives 2.63, leaving the liquid volume in mL gives 2, reading 5 molal as x(B) = 5/20 gives 1882.35 and inverting the ratio gives 5 x 10-4. None is 2000; The impossible case handled rather than ignored: a total pressure at or below p(A)deg x(A) would need a negative vapour pressure for B, and the bench refuses to run, stating A's own contribution; Independent numeric script in exact fractions (verify15.py): 32 of 32 checks pass and the answer is 2000 with no floating-point rounding anywhere; Headless-browser run of the finished page: 111 assertions driving the whole flow - the chemistry the page is built on, the model's behaviour away from the question's numbers, the empty rail with the answer and p(B)deg nowhere on it, the refusal of a total pressure below A's own contribution, rejection of unreadable input, each of the four screens in turn with its equations written in the student's own numbers, pause and resume genuinely freezing and restarting the clock, the two cubes drawn at an edge ratio measured from the SVG and matching the cube root of the answer, a sixteen-frame leak sweep confirming the answer appears on no screen before the reveal, the suspense card, the graffiti reveal with its spray filter and particle burst, the header blinking once and stopping, the record and trial log, a second run at 450 K producing 3000 and a third at 2500 g of A producing 2000 again, all six traps, all three diagram views, the composition explorer, replay, speed, sound, theme toggle, a deck that fits in one window at 595 px, unique ids, accessible labels, a clean console and zero horizontal overflow at 390 px and 360 px; A separate reduced-motion run confirmed the blink and card animations are suppressed while the content and the answer remain complete; Answer cross-checked afterwards against a published worked solution for this paper, which follows the same route and reports the same intermediate values (x(B) = 0.2, p(B)deg = 80 mm Hg, 228 L/mol and 0.114 L/mol) and the same answer, 2000. IIT Roorkee's official key was not retrievable at the time of writing","Enter the data, run the experiment, watch it produce the answer: an instrument rail you fill in, four screens you watch, and a ratio read off the finished run - about thirty seconds end to end; The experiment happens inside a dark neon chamber that stays dark in either page theme, with glass, depth and glow, while the page around it follows the light or dark theme like every other simulation in the library; Eight inputs, one for every quantity the stem gives - mass of A, molality, vapour pressure of pure A, measured total pressure, temperature, both molar masses and the density of liquid B - each with a typed box, a slider and a pair of large steppers, and each accepting 1/2, 5e-1 and similar forms; R and 1 atm = 760 mm Hg are shown as fixed givens rather than as inputs, because the question fixes them; Nine live instruments that stay blank until the run establishes them, so the rail shows exactly how much is known at any moment - and the ratio gauge stays blank until the very end; Nothing is precomputed: the bench runs on whatever is entered, reaches a different answer for different data, and refuses data it cannot reconcile; The bench refuses a total pressure at or below what A alone contributes and says why, quoting A's own partial pressure - the one physically impossible region of the input space; Screen 1 weighs A into a sealed vessel and draws one dot per mole, so n(A) = w(A)/M(A) is counted rather than asserted, with a note saying what one dot is worth when the numbers get large; Screen 2 drops B in at the entered molality and then builds the mole fraction from the same dots, with a stacked bar splitting in the ratio the counts demand - the point being that the denominator is n(A) + n(B), not n(A); Screen 3 seals the vessel, lets both volatile components evaporate into the vapour space with the molecule mix following the two partial pressures, swings an analogue gauge up to the measured total, and then writes Raoult's law out and solves it line by line for p(B)deg in the student's own numbers, finishing with the back-substitution check; Screen 4 puts one mole of B in two chambers side by side: a liquid cube from M/rho and a vapour cube from RT/p(B)deg that visibly expands out of the liquid's size, both drawn at the true edge ratio - the cube root of the answer - and labelled as such instead of being distorted for drama; A suspense card then poses the division with the last value withheld, over a row of blanks, with a pulsing REVEAL ANSWER button; The reveal sprays the answer across the chamber in rough-edged graffiti lettering with drips and an offset shadow, sets off a burst of confetti and chemical glyphs, blinks the answer in the header, the gauge and the graffiti once and then stops, and unlocks the derivation; An interactive pressure-composition diagram drawn from the entered data, with both partial-pressure lines, the total, the measured level and the student's own solution marked - and a slider to explore any composition, reporting the two partial pressures, the total and the molality that would produce it; Two further diagram views, ratio against p(B)deg and ratio against temperature, showing the 1/p and linear-in-T dependence with the run's point on the curve - both kept locked until the answer has been revealed, because they plot the answer itself; A record of the run that fills in quantity by quantity, and a trial log of every completed run so two sets of data can be compared - with an insight card that names what can and cannot move the ratio; The headline cancellation is available as an experiment rather than a remark: change the mass of A, run again, and the gauges for n(A) and n(B) move while the answer does not; Six cards on the mistakes this question really produces, each re-running the model with one wrong assumption on the student's own numbers: 1600, 1523.81, 2.63, 2, 1882.35 and 5 x 10-4; Playback controls - pause, resume, replay, 0.5x / 1x / 2x - and a change-the-data button that returns to the rail with the entries kept; every box stays editable during the run and every instrument follows it; An optional sound toggle, off by default, that synthesises its bleeps in the browser so the page stays a single file with nothing fetched; Step-by-step solution with an independent verification log, gated until the answer is revealed; Five concept cards that animate in when the answer lands and fill their numbers in only then, so the page cannot be read as a worked example before the experiment has been done",simulations/2026/paper-2/chemistry/adv-2026-p2-che-q15/,solutions; ideal solution; raoult's law; vapour pressure; total vapour pressure; partial pressure; volatile liquids; binary solution; molality; mole fraction; molality to mole fraction; mole concept; molar volume; molar volume of a liquid; density; ideal gas equation; gas constant; mm hg to atm; unit conversion; dimensionless ratio; pressure composition diagram; numerical value; jee advanced 2026; paper 2; chemistry q15; section 4; question stem; data entry; run the experiment; virtual laboratory,papers/adv_2026_paper_2.pdf (page 28),"basis_mass_A_g = 1000; molality_mol_per_kg = 5; M_A_g_per_mol = 50; M_B_g_per_mol = 57; n_A_mol = 20; n_B_mol = 5; x_B = 0.2; x_A = 0.8; p_A_pure_mmHg = 105; p_total_mmHg = 100; p_A_partial_mmHg = 84; p_B_partial_mmHg = 16; p_B_pure_mmHg = 80; p_B_pure_atm = 0.105263; T_K = 300; R_L_atm_per_K_mol = 0.08; mmHg_per_atm = 760; rho_B_g_per_mL = 0.5; V_liquid_mL_per_mol = 114; V_liquid_L_per_mol = 0.114; V_vapour_L_per_mol = 228; ratio = 2000; cube_root_of_ratio = 12.599; closed_form = ratio = R T rho x 1000 / (M_B x p_B_pure); trap_using_p_total = 1600; trap_using_p_A_pure = 1523.81; trap_no_atm_conversion = 2.6316; trap_liquid_left_in_mL = 2; trap_molality_read_as_5_over_20 = 1882.35; trap_ratio_inverted = 0.0005; check_mass_of_A_2500g = 2000; check_T_600K = 4000; check_rho_1_g_per_mL = 4000; check_M_B_114 = 1000; check_molality_10 = 1291.67 | Q.15 and Q.16 share one question stem in Section 4 of the paper. This simulation answers Q.15 only; the vapour-phase composition that Q.16 asks for is deliberately left out of the page so that question stays fresh. Section 4 is marked +2 for the correct value and 0 otherwise, unlike the +4/0 of Section 3."
ADV-2026-P2-CHE-Q16,Complete,2026-09-17,2026-09-17,1,JEE Advanced,2026,Paper 2,Chemistry,16,Section 4,Numerical value (+2/0/0),Solutions and Colligative Properties,Vapour-phase composition over an ideal solution,"Molality to mole fraction, and why the solvent's molar mass is needed; Raoult's law for a binary ideal solution; Partial pressure of the second component from the measured total; Dalton's law of partial pressures in the vapour; Liquid-phase x against vapour-phase y; Relative volatility and enrichment of the vapour; Recognising data in a stem that the question does not need","Molality counts moles of B per kilogram of A while mole fraction counts them against every mole present, so the molality has to be converted before Raoult's law can be used - and the molar mass of A is given for exactly that; Raoult's law uses the LIQUID composition: each component's partial pressure is its own pure vapour pressure scaled by its own mole fraction in the liquid; Once the total pressure is known and one partial pressure has been calculated, the other is simply what is left over - no second application of Raoult's law is needed; Dalton's law governs the vapour: in an ideal gas mixture each component's partial pressure is its mole fraction IN THE VAPOUR times the total, so the vapour composition is just the pressure share; x and y are different numbers for the same vessel at the same moment, and the question is built around a student handing in x; Combining the two laws gives y(i) = x(i)p(i)deg/p(total), so a component less volatile than the mixture as a whole is depleted in the vapour and one more volatile is enriched; Here p(B)deg works out lower than p(A)deg, so B is the less volatile liquid and the vapour ends up poorer in B than the liquid it came from - the enrichment factor is exactly p(B)deg/p(total); The vapour being richer in the more volatile component is the entire basis of fractional distillation; Three of the five quantities printed in the stem - R, the molar mass of B and the density of liquid B - belong to Q.15 and never enter this answer",Moderate,0.16,Yes,"Derived from first principles before any published solution was consulted: the molality conversion, Raoult's law for A, the subtraction for B and Dalton's law for the vapour were each fixed independently; Both phases close separately and the pressures reconcile: x(A) + x(B) = 0.80 + 0.20 = 1, y(A) + y(B) = 0.84 + 0.16 = 1, and p(A) + p(B) = 84 + 16 = 100 mm Hg, the total the question states; The answer reproduced by three independent routes: p(B)/p(total) = 0.16 directly; recovering p(B)deg = p(B)/x(B) = 80 mm Hg and using x(B)p(B)deg/p(total) = 0.16; and 1 - x(A)p(A)deg/p(total) = 0.16. The relative-volatility form with alpha = p(A)deg/p(B)deg = 21/16 reproduces y(A) = 0.84 exactly; The direction of the effect predicted before it was computed: p(B)deg < p(A)deg forces the vapour to be poorer in B, and the computed 0.16 < 0.20 agrees - so the result is not an accident of arithmetic; Limiting cases checked, and the simulation reproduces every one of them live: setting p(A)deg equal to the total makes the two liquids equally volatile and returns y(B) = x(B) exactly; setting p(A)deg below the total makes B the more volatile component and returns y(B) > x(B); a vanishing molality returns y(B) towards zero. The model is therefore valid across its whole input range rather than at one point; The basis proved irrelevant rather than assumed: 500 g, 1000 g, 2500 g and 137 g of A all give x(B) = 0.2 and y(B) = 0.16 in exact rational arithmetic, and on the bench the mass of A moves n(A) and n(B) on the gauges while the answer never moves; The three unused quantities confirmed unused: changing the molar mass of B, the density of liquid B and the gas constant all at once leaves the answer at 0.16, which is the structural reason they belong to Q.15; The impossible region handled rather than ignored: a total pressure at or below x(A)p(A)deg would leave B a negative partial pressure, and the bench refuses to run, quoting A's own contribution; The distractors reproduced deliberately, each as a run on the student's own data: handing in x(B) gives 0.20, y(A) gives 0.84, p(B)/p(A) gives 0.1905, slipping p(A)deg into the last step gives 0.21, 1 - x(B) gives 0.80, and p(B)/p(B)deg walks back to 0.20. None is 0.16; Independent numeric script in exact fractions (verify16.py): 28 of 28 checks pass and the answer is 4/25 = 0.16 with no floating-point rounding anywhere; Headless-browser run of the finished page: 114 assertions driving the whole flow - the chemistry the page is built on, the model's behaviour away from the paper's numbers including both volatility limits, the empty rail with the answer nowhere on it, the refusal of an impossible total pressure, rejection of unreadable input, each of the four experiment stages in turn with its equations written in the student's own numbers, the stacked pressure bar measured from the SVG and confirmed split 84:16, the two molecule grids confirmed to draw five B in the liquid and four in the vapour, a twelve-frame leak sweep confirming the answer appears on no stage before the reveal, the blackout then flash then graffiti reveal with its particle burst, the header blinking once and stopping, the split comparison and both diagram views, the explorer, three runs on different data giving 0.16, 0.20 and 0.16 again, all six traps, classroom mode with NEXT STEP walking the seven beats one press at a time with the clock paused between, replay, speed, theme toggle, a deck that fits in one window at 621 px, unique ids, accessible labels, a clean console and zero horizontal overflow at 390 px and 360 px; A separate reduced-motion run confirmed the blink, the reveal flash and the card animations are all suppressed while the content and the answer remain complete; Answer cross-checked afterwards against a published worked solution for this paper, which follows the same route and reports the same intermediate values (x(B) = 0.2, p(A) = 84 mm Hg, p(B) = 16 mm Hg) and the same answer, 0.16. IIT Roorkee's official key was not retrievable at the time of writing","Enter the data, run the experiment, watch it produce the answer: an instrument rail you fill in, five stages you watch, and a vapour composition read off the finished run - about thirty-two seconds end to end; The experiment happens inside a dark laboratory chamber that stays dark in either page theme, with glass, depth, glow and molecules under Brownian motion, while the page around it follows the light or dark theme like every other simulation in the library; Nine inputs with a typed box, a slider and a pair of large steppers each - the seven this part uses and three marked as given by the stem but not needed here, because recognising unused data is part of reading a question; Eight live instruments that stay blank until the run establishes them, grouped so the two liquid mole fractions sit beside the two vapour ones - and y(B) stays blank until the very end; Nothing is precomputed: the bench runs on whatever is entered, reaches a different answer for different data, and refuses data it cannot reconcile; The bench refuses a total pressure at or below what A alone contributes and says why, because that would leave B a negative partial pressure - the one physically impossible region of the input space; Stage 01 weighs the solvent into the vessel with a live balance, draws one molecule per mole so n(A) = w(A)/M(A) is counted rather than asserted, and then adds B at the entered molality while the narration says in one line what molality actually means; Stage 02 is a composition analyser: it counts the two populations, builds a stacked 80/20 composition bar from them, writes x(A) and x(B) out - and then puts a warning on screen that x(B) is the LIQUID mole fraction and not the answer, which is the moment the question becomes interesting; Stage 03 seals the vessel and lets both volatile components evaporate, with the vapour's molecule mix following the two partial pressures and an analogue gauge swinging up to the measured total. Raoult's law is then written out and substituted in the student's own numbers, and a stacked pressure bar splits the gauge reading into p(A) and p(B) in front of them; Stage 04 is the heart of it: twenty-five molecules drawn for each phase, side by side, in the proportion that phase actually has. Five are B on the liquid side and four on the vapour side, and the student can simply count them before any division is done; Dalton's law is stated as the reason the vapour composition is a pressure share, and the final division is set up with the answer withheld; The reveal darkens the laboratory for about a second, then flashes, sprays the answer across the chamber in graffiti lettering with a burst of confetti and chemical glyphs, blinks the header answer box once and unlocks the derivation; A permanent split comparison below the bench keeps both phases side by side with their molecule counts, under a caption reading liquid composition then vapour pressures then vapour composition; A y-against-x diagram drawn from the entered data, with the y = x diagonal for reference so the gap is visible everywhere, and a slider to explore any composition - reporting the vapour composition there, the total pressure there, and which phase is the richer in B; A second view drawing the bubble and dew curves together, where the horizontal gap between them at the measured pressure is exactly x(B) - y(B); it stays locked until the run has measured p(B)deg; A record of the run that fills in quantity by quantity, and a trial log of every completed run - with an insight card naming what can and cannot move the answer; Six cards on the mistakes this question really produces, each re-running the model with one wrong assumption on the student's own numbers: 0.20, 0.84, 0.1905, 0.21, 0.80 and 0.20; CLASSROOM MODE for a projector: the rail and the surrounding sections are hidden, the stage and the narration scale up, and a NEXT STEP button walks the class through molality, x(A), x(B), p(A), p(B), y(B) and the answer one press at a time with the clock paused in between; A full-screen button for the bench, playback controls - pause, resume, replay, 0.5x / 1x / 2x - and a change-the-data button that returns to the rail with the entries kept; every box stays editable during the run and every instrument follows it; Step-by-step solution with an independent verification log, gated until the answer is revealed; Four concept cards - molality is not mole fraction, Raoult's law, Dalton's law, and the connection y = x p(deg)/p(T) - that animate in when the answer lands and fill their numbers in only then",simulations/2026/paper-2/chemistry/adv-2026-p2-che-q16/,solutions; ideal solution; raoult's law; dalton's law; partial pressure; total vapour pressure; vapour pressure; volatile liquids; binary solution; vapour phase composition; liquid phase composition; mole fraction; molality; molality to mole fraction; mole concept; vapour liquid equilibrium; relative volatility; enrichment; fractional distillation; bubble curve; dew curve; pressure composition diagram; ideal gas mixture; numerical value; jee advanced 2026; paper 2; chemistry q16; section 4; question stem; data entry; run the experiment; virtual laboratory; classroom mode,papers/adv_2026_paper_2.pdf (page 28),"basis_mass_A_g = 1000; molality_mol_per_kg = 5; M_A_g_per_mol = 50; n_A_mol = 20; n_B_mol = 5; x_A_liquid = 0.8; x_B_liquid = 0.2; p_A_pure_mmHg = 105; p_total_mmHg = 100; p_A_partial_mmHg = 84; p_B_partial_mmHg = 16; p_B_pure_recovered_mmHg = 80; y_A_vapour = 0.84; y_B_vapour = 0.16; enrichment_yB_over_xB = 0.8; relative_volatility_alpha = 1.3125; richer_phase_in_B = the liquid - B is the less volatile component; trap_answering_xB = 0.2; trap_answering_yA = 0.84; trap_pB_over_pA = 0.190476; trap_using_pA_pure_in_last_step = 0.21; trap_one_minus_xB = 0.8; trap_pB_over_pB_pure = 0.2; check_mass_of_A_2500g = 0.16; check_pA_pure_equals_total = 0.2; check_pA_pure_below_total_80 = 0.36; check_molality_10 = 0.3; check_unused_data_changed = 0.16 | Q.15 and Q.16 share one question stem in Section 4. This simulation answers Q.16; ADV-2026-P2-CHE-Q15 answers the other half, and the two pages deliberately do not give each other away - Q15's page leaves the vapour composition alone and this one leaves the molar volumes alone. Section 4 is marked +2 for the correct value and 0 otherwise, unlike the +4/0 of Section 3. The user referred to this question as Q52 from their own numbering; it is Q.16 of the official paper and is filed under that number."
ADV-2026-P2-CHE-Q17,Complete,2026-09-17,2026-09-17,1,JEE Advanced,2026,Paper 2,Chemistry,17,Section 4,Numerical value (+2/0/0),Organic Chemistry - Some Basic Principles and Techniques,"Kjeldahl estimation of nitrogen, on a compound built by a reaction sequence","Friedel-Crafts acylation and where two methyl groups send the acyl; The Finkelstein exchange, and why the iodide is made first; Williamson ether synthesis from a phenoxide; Selective reduction: NaBH4 takes the ketone and leaves the nitro group; Alcohol to bromide with PBr3; Nucleophilic substitution by excess ammonia; Molar mass assembled atom by atom from given atomic masses; Using a stated molar mass as a checksum on a proposed structure; The Kjeldahl method and the nitrogens it cannot estimate; Acid-base stoichiometry with a dibasic acid; Molarity to volume, and answering in the unit asked for","The stem prints one molar mass, 350 for K, and that number is a checksum rather than decoration: whatever structure is proposed for K has to weigh exactly 350 on the given atomic masses, which confirms the whole sequence before any arithmetic begins; m-Xylene's two methyl groups are both o,p-directing, so the acyl group enters the one ring position activated by both of them; The chloride is exchanged for iodide before the phenoxide step because iodide is the better leaving group - the Finkelstein exchange is there to serve the substitution that follows; Sodium borohydride is chosen for its selectivity: it reduces the ketone to a secondary alcohol and leaves the aromatic nitro group completely untouched, which is exactly why the nitro group survives all the way to L; L contains TWO nitrogen atoms - one amine and one nitro - and the entire question turns on that fact being noticed; Kjeldahl's digestion converts nitrogen to ammonium only from amine-like nitrogen; nitro, azo, diazo and ring nitrogen are not reduced and are never estimated, so only one of L's two nitrogens is seen; The method therefore under-reports a nitro compound: it finds about 4.9 per cent nitrogen in L where 9.8 per cent is actually present, and the gap is the nitro nitrogen; Sulphuric acid is dibasic: 2 NH3 + H2SO4 gives (NH4)2SO4, so the moles of acid are half the moles of ammonia - a factor that is trivial to state and easy to drop; Molarity is moles per litre, so dividing moles by molarity gives litres and the thousand has to be put back to answer in millilitres; Stopping the sequence one step early, at J with 285, gives 10.04 mL - so close to the right answer that it cannot be caught by a plausibility check, which is why the structure has to be tracked properly; Of the seven atomic masses printed in the stem, S and Ba belong to Q.18 and never enter this answer, while Br enters only to verify the 350",Hard,10,Yes,"Derived from first principles before any published solution was consulted: the reaction sequence, every structure, both molar masses and the Kjeldahl limitation were each fixed independently, and only then was the answer compared with an external source; Every molar mass in the simulation is assembled atom by atom from the atomic masses printed in the stem rather than taken from a table, so the page recomputes them live if any of those masses is edited; The question's own internal checksum satisfied exactly: the independently constructed K = C16H16BrNO3 comes to 192 + 16 + 80 + 14 + 48 = 350 g/mol, precisely the molar mass the stem states, which confirms the whole assignment rather than assuming it; Three separate masses in one stem all resolve to round amounts, which corroborates the structures further: 5.72 g of L is exactly 0.02 mol on M(L) = 286, 3.79 g of M is exactly 0.01 mol on M(M) = 379, and that in turn gives exactly 2.33 g of BaSO4 for Q.18; The crux identified as a syllabus limitation rather than an arithmetic step: Kjeldahl digestion reduces amine-type nitrogen to ammonium but not nitro, azo, diazo or ring nitrogen, so exactly one of L's two nitrogens is estimated. This single decision separates 10 mL from 20 mL and the page makes the student commit to it before the titration runs; The under-reporting made quantitative as a consistency check: the method finds 4.90 per cent nitrogen in L while 9.79 per cent is actually present, and the ratio of those two figures is exactly 1:2, as it must be for one of two nitrogens; The stoichiometry checked in both directions: 2 NH3 + H2SO4 -> (NH4)2SO4 gives n(acid) = n(NH3)/2, and the dimensional chain mol / (mol/L) = L, x1000 = mL confirms the unit asked for; The model checked away from the paper's numbers, and the simulation reproduces each case live: 11.44 g of L requires 20 mL, so the titre is linear in the mass; 2 M acid requires 5 mL, so it is inverse in the strength; and changing the atomic masses of S and Ba leaves the answer at 10 mL, which is the structural reason those two belong to Q.18; The broken-checksum case handled as a note rather than a refusal: entering the atomic mass of carbon as 13 makes K weigh 366 and the bench says so on the rail, while still running - the checksum is the student's evidence, not a gate on the experiment; The distractors reproduced deliberately, each as a run of the model with one wrong assumption on the student's own data: counting both nitrogens gives 20 mL, treating H2SO4 as monobasic gives 20 mL, both mistakes together give 40 mL, using the stem's 350 in place of M(L) gives 8.17 mL, stopping at J with 285 gives 10.04 mL, and answering in litres gives 0.01. None is 10 by a correct route, and the 10.04 near-miss is called out on the page as the dangerous one because no plausibility check can catch it; Independent numeric script with every formula assembled atom by atom (verify17.py): 23 of 23 checks pass and the answer is 10 mL; Headless-browser run of the finished page: 113 assertions driving the whole flow - the structures and the checksum, the model's behaviour away from the paper's numbers, the reaction scheme confirmed to be live SVG rather than an image with all three reagent steps named, the empty rail with the answer nowhere on it, the checksum note appearing and clearing, rejection of unreadable input, each of the five stages in turn with its reasoning and its arithmetic written in the student's own numbers, the prediction gate confirmed to hold the clock at t = 2.3 s and to accept a wrong commitment rather than blocking it, a fourteen-frame leak sweep confirming the answer appears on no stage before the reveal, the blackout then flash then graffiti reveal with its particle burst, the header blinking once and stopping, the nitrogen-audit cards, both chart views, the explorer confirmed to double the titre at 11.44 g, three runs on different data, all six traps, classroom mode with NEXT STEP walking the beats one press at a time and the gate holding it too, replay clearing the earlier prediction, speed, theme toggle, a deck that fits in one window at 621 px, unique ids, accessible labels, a clean console and zero horizontal overflow at 390 px and 360 px; A separate reduced-motion run confirmed the blink, the reveal flash and the card animations are all suppressed while the content and the answer remain complete; Answer cross-checked afterwards against a published worked solution for this paper, which reports the same M(L) = 286, states explicitly that one mole of L releases one mole of ammonia because the nitro nitrogen is not estimated, and gives the same answer, 10 mL. IIT Roorkee's official key was not retrievable at the time of writing","Build the compound, commit to a prediction, then run the analysis: the bench takes the printed sequence apart in five stages and produces the titre at the end - about forty-four seconds end to end; The experiment happens inside a dark laboratory chamber that stays dark in either page theme, with glass, depth and glow, while the page around it follows the light or dark theme like every other simulation in the library; The printed reaction scheme is redrawn on the page as live vector structures - four benzene rings, real bonds, every reagent named - so the exam PDF is never published and the structures can be read at any zoom; Nine inputs with a typed box, a slider and a pair of large steppers each: the mass of L, the strength of the acid and the seven atomic masses, so every molar mass on the page is recomputed from what is entered rather than hard-coded; Eight live instruments that stay blank until the run establishes them - M(J), M(K), M(L), n(L), the nitrogen count, the ammonia, the acid and finally the titre, which stays blank until the very end; Nothing is precomputed: the bench runs on whatever is entered and reaches a different titre for different data; Stage 01 builds J and explains where the acyl group lands and why the iodide is made before the phenoxide step, then assembles M(J) = 285 atom by atom from the entered masses in front of the student; Stage 02 is the checksum: NaBH4 is shown reducing the ketone while the nitro group is left alone, PBr3 puts the bromine in, and then K is weighed on a live balance against the stem's stated 350 - the sum written out term by term. If the entered atomic masses no longer reproduce 350 the rail says so, but the experiment still runs, because the checksum is evidence and not a gate; Stage 03 builds L with excess ammonia, states in one line that L now contains TWO nitrogen atoms, and works out 5.72 / 286 = 0.02 mol; Stage 04 stops the experiment and will not continue: both nitrogens are circled on the molecule and the student has to commit to how many moles of ammonia come off per mole of L. The clock holds at that instant until a choice is made, a wrong choice is accepted and marked rather than blocked, and only then does the audit resolve the amine nitrogen as counted and the nitro nitrogen as surviving the digestion; Stage 05 runs the method itself in three cards: the digestion flask over a flame with ammonium building up, the distillation carrying the ammonia over into the standard acid, and the titration arithmetic with the burette reading withheld; The reveal darkens the laboratory for about a second, then flashes, sprays the answer across the chamber in graffiti lettering with a burst of confetti and chemical glyphs, blinks the header answer box once and unlocks the derivation; A permanent nitrogen audit below the bench sets what the method reports against what the molecule actually contains - 4.90 per cent against 9.79 per cent - so the under-reporting is a number rather than a claim; A titre-against-mass line drawn from the entered data with a slider to explore any sample mass, reporting the moles, the titre and both nitrogen percentages at that point; A second view contrasting one nitrogen estimated against two counted, which stays locked until the run has resolved the audit; A record of the run that fills in quantity by quantity, and a trial log of every completed run - with an insight card naming what can and cannot move the answer; Six cards on the mistakes this question really produces, each re-running the model with one wrong assumption on the student's own numbers: 20, 20, 40, 8.17, 10.04 and 0.01 - including the 285 near-miss that no plausibility check can catch; CLASSROOM MODE for a projector: the rail and the surrounding sections are hidden, the stage and the narration scale up, and a NEXT STEP button walks the class through J, the 350 checksum, L, the nitrogen audit, the digestion and the titration one press at a time with the clock paused in between - and the prediction gate holds NEXT STEP too, so the class has to answer before the teacher can move on; A full-screen button for the bench, playback controls - pause, resume, replay, 0.5x / 1x / 2x - and a change-the-data button that returns to the rail with the entries kept; replay also clears the earlier prediction so the gate is live again; Step-by-step solution with an independent verification log, gated until the answer is revealed; Four concept cards - the reaction sequence, the 350 checksum, which nitrogens Kjeldahl can see, and the dibasic acid - that animate in when the answer lands and fill their numbers in only then",simulations/2026/paper-2/chemistry/adv-2026-p2-che-q17/,organic chemistry; reaction sequence; major product; friedel crafts acylation; chloroacetyl chloride; anhydrous alcl3; finkelstein reaction; nai; williamson ether synthesis; phenoxide; 3-nitrophenoxide; nabh4; selective reduction; pbr3; alkyl bromide; ammonia substitution; primary amine; nitro group; kjeldahl method; nitrogen estimation; quantitative analysis; ammonia evolved; back titration; dibasic acid; h2so4; stoichiometry; molar mass; atomic masses; mole concept; molarity; volume of acid; m-xylene; numerical value; jee advanced 2026; paper 2; chemistry q17; section 4; question stem; prediction gate; virtual laboratory; classroom mode,papers/adv_2026_paper_2.pdf (page 29),m_xylene_formula = C8H10; m_xylene_M = 106; J_formula = C16H15NO4; M_J_g_per_mol = 285; alcohol_formula = C16H17NO4; M_alcohol_g_per_mol = 287; K_formula = C16H16BrNO3; M_K_g_per_mol = 350; M_K_stated_in_stem = 350; L_formula = C16H18N2O3; M_L_g_per_mol = 286; M_formula = C22H21NO3S; M_M_g_per_mol = 379; mass_of_L_g = 5.72; n_L_mol = 0.02; nitrogens_in_L = 2; nitrogens_estimated_by_kjeldahl = 1; n_NH3_mol = 0.02; acid_basicity = 2; n_H2SO4_mol = 0.01; acid_molarity = 1; volume_mL = 10; percent_N_estimated = 4.9; percent_N_present = 9.79; trap_counting_both_nitrogens_mL = 20; trap_monobasic_acid_mL = 20; trap_both_mistakes_mL = 40; trap_using_M_K_350_mL = 8.17; trap_stopping_at_J_285_mL = 10.04; trap_answering_in_litres = 0.01; check_double_mass_11p44g_mL = 20; check_2M_acid_mL = 5; check_unused_S_and_Ba_changed_mL = 10; cross_check_Q18_n_M_mol = 0.01; cross_check_Q18_BaSO4_g = 2.33
ADV-2026-P1-CHE-Q02,Complete,2026-09-23,2026-09-23,1,JEE Advanced,2026,Paper 1,Chemistry,2,Section 1,Single correct MCQ (+3/0/-1),Chemical Kinetics,Reversible (opposing) first-order reactions,"Rate law for opposing elementary first-order steps; Dynamic equilibrium: forward rate equals backward rate; Equilibrium constant as a ratio of rate constants, K = kf/kb; Mass balance [R] + [P] = [R]0; Integrated rate law for a reversible first-order reaction; Observed relaxation constant kf + kb; Reading and interpreting kinetics graphs",Forward and backward rates of opposing first-order steps; Dynamic equilibrium kf[R]eq = kb[P]eq; K = kf/kb; Mass balance; Exponential approach with kobs = kf + kb; Reading kinetics graphs,Moderate,(C),Yes,"Rate law solved independently; sympy dsolve; RK4 integration to 4e-15; exact fractions (1/5, 4/5, K = 1/4); 5000-molecule Gillespie simulation; distractor audit of all four graphs; headless-browser suite; official final key and ExamSIDE cross-check",3D glass vessel with 100 converting molecules slaved to the rate law; optional pre-filled inputs with fallback; forward/backward rate meters; conservation bar; live graph; prediction gate; equilibrium event; equation board; A-D graph challenge with feedback; overlay on C; reveal; explore mode; classroom mode; advanced kinetics panel,simulations/2026/paper-1/chemistry/adv-2026-p1-che-q02/,chemical kinetics; reversible reaction; opposing reactions; first order reaction; elementary reaction; rate constant; forward rate; backward rate; kf; kb; dynamic equilibrium; equilibrium constant; k = kf/kb; mass balance; concentration vs time; graphical representation; integrated rate law; relaxation; kobs = kf + kb; reaction quotient; chemical equilibrium; single correct; jee advanced 2026; paper 1; chemistry q2; section 1; prediction gate; virtual laboratory; explore mode; classroom mode,papers/Jee_Adv_2026_paper1_solutions_final.pdf (page 26),"Combined number Q.34. kb = 4kf -> [P]eq/[R]0 = 0.2, [R]eq/[R]0 = 0.8, K = 0.25, kobs = 5kf. (A) needs kb = kf; (B) needs kf = 4kb; (D) no plateau, concave-up P, R+P ~ 0.66"
ADV-2026-P1-CHE-Q01,Complete,2026-09-25,2026-09-25,1,JEE Advanced,2026,Paper 1,Chemistry,1,Section 1,Single correct MCQ (+3/0/-1),Thermodynamics,"Work in isothermal compression of an ideal gas - irreversible, multi-step","Work done on a gas against a constant external pressure, w = -Pext dV; Irreversible isothermal compression in steps; Isothermal ideal gas: V = nRT/P at each stopping point; Optimising the intermediate pressure: P = sqrt(P1 P2); Reversible work as the lower bound, one-step work as the upper; Indicator (P-V) diagrams and work as area; First law for an isothermal ideal gas: dU = 0, q = -w",Work against constant Pext = Pext x volume swept; Each step ends on the isotherm V = nRT/P; W(P) = nRT(P/P1 + P2/P - 2); Minimum at P = sqrt(P1 P2) with equal steps; Reversible work is the lower bound,Moderate,(B) 600R,Yes,Independent derivation; sympy stationary point and second derivative; 60 000-point brute-force scan in litres and bar; exact fractions; reversible and one-step bounds; distractor audit; headless-browser suite; official final key,Cylinder with weighted piston in a thermostat bath; molecules and piston hits; heat to bath; gauge and thermometer; optional pre-filled inputs with fallback; one-press automatic run; indicator diagram with work areas; W vs P graph with sweep and search; step-by-step calculation panel; reveal; custom runs; classroom mode,simulations/2026/paper-1/chemistry/adv-2026-p1-che-q01/,thermodynamics; first law; work; pressure-volume work; irreversible process; isothermal process; isothermal compression; ideal gas; constant external pressure; multi-step compression; two-step compression; intermediate pressure; geometric mean; minimum work; optimisation; indicator diagram; p-v diagram; reversible work; nrt ln; heat; thermostat; single correct; jee advanced 2026; paper 1; chemistry q1; section 1; virtual laboratory; classroom mode,papers/Jee_Adv_2026_paper1_solutions_final.pdf (page 26),"W(P) = 300R(P/2 + 8/P - 2); P* = 4 bar; w1 = w2 = 300R; |W|min = 600R J = 4988.7 J; (A) 207R below reversible 415.9R; (C) 630R at P = 3.2 or 5 bar; (D) 900R one step. Streamlined spec: no prediction stage, automatic run"
ADV-2026-P1-CHE-Q03,Complete,2026-09-25,2026-09-25,1,JEE Advanced,2026,Paper 1,Chemistry,3,Section 1,Single correct MCQ (+3/0/-1),Chemical Bonding and Molecular Structure,Dipole moment - vector sum of bond and lone-pair moments,"Bond dipoles from electronegativity differences; Lone-pair (atomic) dipole on the central atom; VSEPR shapes: trigonal planar, tetrahedral, trigonal pyramidal; Vector addition of bond moments; cancellation by symmetry; NH3 versus NF3: lone pair reinforcing or opposing the bond moments; Dipole moment of a symmetric ion about its centre; Torque on a dipole in a uniform electric field, tau = pE sin(theta)","Bond moment toward the more electronegative atom; Lone pair carries its own moment; Molecular moment = vector sum; Symmetric shapes (BF3 planar, NH4+ tetrahedral) cancel exactly; NH3 lone pair adds to bonds, NF3 lone pair opposes them",Easy-Moderate,(A) BF3 = NH4+ < NF3 < NH3,Yes,"Independent derivation; sympy vector sums for each VSEPR shape; bond-moment model; robustness over lone-pair moment, angles and kappa; measured gas-phase values; B3LYP/aug-cc-pVDZ quantum chemistry; distractor audit; headless-browser suite; official final key",3D species built from VSEPR; bond-dipole and lone-pair arrows; tip-to-tail vector addition with resultant; charged plates with torque meter and swing; optional pre-filled inputs with fallback; one-press automatic run; bar chart that sorts into the answer; torque vs angle graph; step-by-step calculation panel; reveal; custom runs; classroom mode,simulations/2026/paper-1/chemistry/adv-2026-p1-che-q03/,chemical bonding; dipole moment; bond dipole; bond moment; lone pair; lone pair moment; vector sum; resultant; polarity; polar molecule; non-polar; electronegativity; vsepr; molecular geometry; trigonal planar; tetrahedral; trigonal pyramidal; symmetry; bf3; nh4+; ammonium ion; nf3; nh3; ammonia; nitrogen trifluoride; boron trifluoride; debye; torque; electric field; single correct; jee advanced 2026; paper 1; chemistry q3; section 1; virtual laboratory; classroom mode,papers/Jee_Adv_2026_paper1_solutions_final.pdf (page 27),"Model: chi H 2.20, B 2.04, N 3.04, F 3.98; 1 D per unit; lone pair 1.0 D; angles 107/102. mu: BF3 0, NH4+ 0, NF3 0.244, NH3 1.938 D (measured 0, 0, 0.23, 1.47). Lone pair off -> NF3 > NH3 (option D trap). Streamlined spec: no prediction stage, automatic run"
ADV-2026-P1-CHE-Q04,Complete,2026-09-25,2026-09-25,1,JEE Advanced,2026,Paper 1,Chemistry,4,Section 1,Single correct MCQ (+3/0/-1),Organic Chemistry - Some Basic Principles and Techniques,Stereoisomerism - diastereomers from chemoselective reduction and lactonisation,"Chemoselective reduction: LiBH4 reduces esters, BH3 reduces carboxylic acids; Acid-catalysed lactonisation of hydroxy acids and hydroxy esters (delta-lactones); Spiro compounds and stereocentres created by ring closure; Identical, enantiomers and diastereomers: superimposition and mirror tests; Cis/trans isomerism in 1,3-disubstituted cyclobutanes; pseudo-asymmetric centres; Chirality and mirror planes","LiBH4 reduces the ester arm, BH3 the acid arm; H+ closes a six-membered spiro lactone; the ring closes in opposite directions so the spiro carbon inverts; CH3 carbon unchanged -> diastereomers; bottom pair achiral cis/trans",Moderate-Hard,"(C) P & Q diastereomers, R & S diastereomers",Yes,Independent derivation; RDKit from the drawn wedges; reaction templates and canonical SMILES; CIP; stereoisomer enumeration; 3D conformer RMSD; no-CH3 control; headless-browser suite; official final key,Printed scheme as SVG; 3D ball-and-stick flasks for LiBH4 and BH3 with hydride and leaving groups; lactone ring closure; least-squares overlay with live RMSD; mirror test; optional CH3 position and face; one-press automatic run; RMSD bar chart with controls; RMSD vs rotation graph; step-by-step calculation panel; reveal; custom runs; classroom mode,simulations/2026/paper-1/chemistry/adv-2026-p1-che-q04/,stereochemistry; stereoisomerism; diastereomers; enantiomers; identical; superimposable; mirror image; chirality; achiral; mirror plane; cis trans; pseudo-asymmetric; spiro compound; lactone; delta-lactone; lactonisation; chemoselective reduction; libh4; lithium borohydride; bh3; borane; ester reduction; carboxylic acid reduction; cyclobutane; cip; rmsd; single correct; jee advanced 2026; paper 1; chemistry q4; section 1; virtual laboratory; classroom mode,papers/Jee_Adv_2026_paper1_solutions_final.pdf (page 27),"P C[C@@H]1CC[C@]12CCOC(=O)C2, Q C[C@@H]1CC[C@@]12CCOC(=O)C2 (spiro C inverted); R/S cis/trans, achiral. No CH3 -> identical (option A/B/D traps). Streamlined spec: no prediction stage, automatic run"
ADV-2026-P1-CHE-Q05,Complete,2026-09-26,2026-09-26,1,JEE Advanced,2026,Paper 1,Chemistry,5,Section 2,Multiple correct MCQ (+4/partial/0/-1),Atomic Structure,"Orbital energies - degeneracy in hydrogen, penetration and shielding in lithium","Orbital energy of a one-electron atom: E = -13.6 Z^2/n^2 eV, depends on n only; Multi-electron atoms: energy depends on n and l; Shielding by core electrons and effective nuclear charge; Penetration of s versus p orbitals; radial probability distributions; Slater's rules; Radial Schroedinger equation and node counting","H: energy depends on n only, 2s = 2p; Li: 2s penetrates the 1s core, higher Zeff, lower energy; Zeff(Li 2s) > 1 so E2s(Li) < E2s(H); E2p(H) > E2s(Li)",Easy-Moderate,"(A), (B), (D)",Yes,Independent derivation; sympy hydrogenic eigenfunctions; Numerov radial solver; Slater's rules; spectroscopic data; Hartree-Fock delta-SCF; robustness and no-core control; MathonGo solution; headless-browser suite; official final key,Atom chamber with 1s core and electron clouds; live shooting solver; inside-the-core dot count; energy ladder with option tests; radial probability and Zeff graphs; optional Z and core inputs; one-press automatic run; step-by-step calculation panel; reveal; custom runs; classroom mode,simulations/2026/paper-1/chemistry/adv-2026-p1-che-q05/,atomic structure; orbital energy; 2s; 2p; hydrogen; lithium; degenerate; degeneracy; shielding; screening; effective nuclear charge; zeff; penetration; radial probability; radial distribution; slater's rules; schrodinger equation; quantum numbers; n and l; multi-electron atom; one-electron atom; energy levels; multiple correct; jee advanced 2026; paper 1; chemistry q5; section 2; virtual laboratory; classroom mode,papers/Jee_Adv_2026_paper1_solutions_final.pdf (page 28),"Model: H 2s = 2p = -3.401; Li 2s -4.763, Li 2p -3.426 eV (measured -5.39, -3.54). Order E2s(Li) < E2p(Li) < E2s(H) = E2p(H). No core -> (B), (D). Streamlined spec: no prediction stage, automatic run"
ADV-2026-P1-CHE-Q06,Complete,2026-09-27,2026-09-27,1,JEE Advanced,2026,Paper 1,Chemistry,6,Section 2,Multiple correct MCQ (+4/partial/0/-1),The p-Block Elements (Group 17),"Chlorine, nitrogen trichloride and interhalogens - preparation, structure and uses","Preparation of chlorine: MnO2 + conc. HCl; Reaction of chlorine with ammonia - excess Cl2 gives NCl3, excess NH3 gives N2 and NH4Cl; Interhalogen compounds: Cl2 + 3F2 -> 2ClF3 at 573 K; VSEPR shapes: trigonal pyramidal NCl3, T-shaped ClF3; Lewis basicity and the -I effect of substituents; Uses of chlorine and of ClF3","X = Cl2 (greenish-yellow gas, atom balance); Y = NCl3 with Cl2 in excess; Z = ClF3 with F2 in excess at 573 K; NCl3 trigonal pyramidal and a weaker Lewis base than NH3 (-I of Cl); ClF3 T-shaped, makes UF6 for 235U enrichment",Easy-Moderate,"(A), (C)",Yes,Independent derivation; sympy element conservation; every equation balanced; oxidation states; VSEPR; measured geometry and RDKit embedding; Hartree-Fock proton affinities; NCERT uses; custom-condition controls; MathonGo solution; headless-browser suite; official final key,Three reaction stations with apparatus and 3D molecules; colour chart and atom balance; water-treatment and UF6 concept modules; option analysis board; answer panel with stage messages; badges; optional reaction conditions with warnings; one-press automatic run; SHOW EQUATION/OBSERVATION/WHY overlays; reasoning log; reveal; molecular explorer with NH3 vs NCl3 compare; custom runs; classroom mode,simulations/2026/paper-1/chemistry/adv-2026-p1-che-q06/,p-block; group 17; halogens; chlorine; cl2; preparation of chlorine; mno2; hcl; nitrogen trichloride; ncl3; ammonia; nh3; interhalogen; interhalogen compounds; clf3; chlorine trifluoride; uf6; uranium enrichment; 235u; drinking water; sterilisation; vsepr; trigonal pyramidal; t-shaped; lone pair; lewis base; lewis basicity; inductive effect; molecular geometry; multiple correct; jee advanced 2026; paper 1; chemistry q6; section 2; virtual laboratory; classroom mode,papers/Jee_Adv_2026_paper1_solutions_final.pdf (page 29),"X = Cl2, Y = NCl3 (N 0.65 A above Cl3 plane), Z = ClF3. HF PA NH3 909 > NCl3 744 kJ/mol. KMnO4 -> same answer; excess NH3 / 1:1 F2 / 473 K / 298 K flagged off-pathway. Streamlined spec: no prediction stage, automatic run"
ADV-2026-P1-CHE-Q07,Complete,2026-09-27,2026-09-27,1,JEE Advanced,2026,Paper 1,Chemistry,7,Section 2,Multiple correct MCQ (+4/partial/0/-1),Chemical Bonding and Molecular Structure,Molecular orbital theory,"Bond order from MO electron configurations - O2, O2+, O2-, O2 2-; Paramagnetism and unpaired electrons in MO theory; Bond order and bond length; Oxidation states and electron configuration of transition-metal ions (Pt 5d9 6s1); Octahedral d-orbital splitting, low spin 5d ions; Oxidant versus fluorinating agent - Bartlett's O2+[PtF6]-","X+ = O2+, Y- = [PtF6]- by one-electron transfer; O2+ bond order (10-5)/2 = 2.5, not 1.5 (that is O2-); Pt +5 is 5d5; PtF6 reduced so it is the oxidant; no F transferred so not a fluorinating agent",Easy-Moderate,"(B), (C)",Yes,Independent derivation; mass and charge balance; independent MO filling and bond-order series; measured bond lengths; UHF bond scans and Mayer bond orders; sympy oxidation states; Pt configuration; electron and fluorine ledger; custom-condition controls; MathonGo solution; headless-browser suite; official final key,"Reaction bulb with electron sparks; ionisation-energy scale; redox bookkeeping; live MO filling and bond-order ladder; Pt electron stripping and octahedral d-splitting; fluorine audit with ClF3 contrast; option analysis board; answer panel with stage messages; badges; optional gas and reagent with warnings; one-press automatic run; SHOW overlays; reasoning log; reveal; electron explorer (MO family, Pt stepper, compare); custom runs; classroom mode",simulations/2026/paper-1/chemistry/adv-2026-p1-che-q07/,chemical bonding; molecular orbital theory; mo theory; bond order; dioxygenyl; o2+; o2; superoxide; paramagnetism; bond length; ptf6; platinum hexafluoride; hexafluoroplatinate; bartlett; noble gas compounds; xenon; ionisation energy; electron affinity; electron transfer; oxidant; oxidising agent; redox; oxidation state; fluorinating agent; d-electrons; electronic configuration; pt5+; 5d5; crystal field; octahedral; multiple correct; jee advanced 2026; paper 1; chemistry q7; section 2; virtual laboratory; classroom mode,papers/Jee_Adv_2026_paper1_solutions_final.pdf (page 29),"O2+ BO 2.5 (bond 112 pm), Pt(V) 5d5 t2g5, F on Pt 6 -> 6. UHF Mayer BO O2+ 2.26 > O2 1.83 > O2- 1.38. NO -> NO+[PtF6]- (BO 3) flagged; N2 / F2 no salt. Built with the prayogx-next-question skill"
ADV-2026-P1-CHE-Q08,Complete,2026-09-27,2026-09-27,1,JEE Advanced,2026,Paper 1,Chemistry,8,Section 2,Multiple correct MCQ (+4/partial/0/-1),"Aldehydes, Ketones and Carboxylic Acids","Reaction sequence - Kolbe electrolysis, Friedel-Crafts acylation, Rosenmund reduction, Tollens test and hydrazine ring closure","Kolbe's electrolysis of carboxylate salts; Aromatisation of n-hexane over V2O5 (or Cr2O3/Mo2O3) at high temperature; Free-radical addition of Cl2 to benzene under UV - benzene hexachloride, gammaxane; Friedel-Crafts acylation with a cyclic anhydride; Acid-catalysed intramolecular acylation to anthraquinone and Clemmensen reduction; Acid chlorides from PCl5 and the Rosenmund reduction; Tollens' test for aldehydes; Condensation of 1,4-dicarbonyls with hydrazine - phthalazines, heterocycles","Q = benzene (Kolbe -> n-hexane -> aromatise); R = 2-benzoylbenzoic acid (Friedel-Crafts); S = 2-benzoylbenzaldehyde (PCl5, Rosenmund) gives a silver mirror; T = 1-phenylphthalazine (N-N ring, heterocyclic); Q + Cl2/UV -> BHC (gammaxane); R -> anthraquinone -> Clemmensen gives 9,10-dihydroanthracene, not the dihydroxy compound",Moderate,"(A), (B), (C)",Yes,Independent derivation; element and charge balance of every step; RDKit reaction templates generate each product; functional-group SMARTS; gammaxane constitution; custom-condition controls; MathonGo solution; headless-browser suite; official final key,Electrolysis cell; V2O5 furnace; UV chlorination; Friedel-Crafts acylium; cyclisation + Clemmensen with the (D) comparison; Rosenmund ladder; Tollens silver mirror; hydrazine ring closure; structures drawn from bond lists; option analysis board; answer panel; badges; optional salt and catalyst with warnings; one-press automatic run; SHOW overlays; reasoning log; reveal; structure explorer; custom runs; classroom mode,simulations/2026/paper-1/chemistry/adv-2026-p1-che-q08/,"organic chemistry; reaction sequence; named reactions; kolbe electrolysis; kolbe's electrolysis; aromatisation; v2o5; benzene; benzene hexachloride; bhc; gammaxane; lindane; friedel-crafts acylation; phthalic anhydride; alcl3; 2-benzoylbenzoic acid; anthraquinone; clemmensen reduction; 9,10-dihydroanthracene; pcl5; acid chloride; rosenmund reduction; poisoned catalyst; 2-benzoylbenzaldehyde; tollens test; silver mirror; aldehyde; hydrazine; phthalazine; heterocycle; heterocyclic compound; multiple correct; jee advanced 2026; paper 1; chemistry q8; section 2; virtual laboratory; classroom mode",papers/Jee_Adv_2026_paper1_solutions_final.pdf (page 30),"Q C6H6, R C14H10O3, S C14H10O2, T C14H10N2 (2 ring N). Clemmensen of anthraquinone -> C14H12 vs claimed C14H10O2. Propanoate -> butane (no Q); Pd/C -> alcohol + hydrazone, only (B). Built with the prayogx-next-question skill"
ADV-2026-P1-CHE-Q09,Complete,2026-09-27,2026-09-27,1,JEE Advanced,2026,Paper 1,Chemistry,9,Section 3,Numerical value (+4/0/0),States of Matter: Gases and Liquids,"Ideal gas equation - pressure, moles and gas mixtures at equal volume and temperature",Moles from mass and molar mass; Ideal gas equation PV = nRT; Total moles of a gas mixture (Dalton's law); Pressure proportional to moles at fixed V and T; Setting up and solving a ratio equation,"n = m/M with M(Ar) = 10 M(He); n1 = (10m1 + m2)/10M, n2 = (10m2 + m1)/10M; equal V and T so P1/P2 = n1/n2; 10m1 + m2 = 5(10m2 + m1) gives m1/m2 = 49/5",Easy,9.80,Yes,Independent derivation; sympy exact and general solution; independent bisection; ideal-gas calculation at three temperatures; real-molar-mass and custom-value controls; trap audit; MathonGo solution; headless-browser suite; official final key,"Twin piston cylinders with He and Ar molecules; mass-to-moles step; PV = nRT gauge; live bisection scan with log; piston lock; back-check; temperature test; P1/P2 curve and mole bars; result audit; answer panel; badges; optional k, p and T with warnings; one-press automatic run; SHOW overlays; reveal; pressure explorer with SOLVE; custom runs; classroom mode",simulations/2026/paper-1/chemistry/adv-2026-p1-che-q09/,gaseous state; states of matter; ideal gas; ideal gas equation; pv = nrt; gas mixture; helium; argon; he; ar; moles; molar mass; pressure ratio; piston; cylinder; dalton's law; partial pressure; mass ratio; numerical value; jee advanced 2026; paper 1; chemistry q9; section 3; virtual laboratory; classroom mode,papers/Jee_Adv_2026_paper1_solutions_final.pdf (page 31),n1 : n2 = 99 : 19.8 = 5 : 1. General m1/m2 = (pk - 1)/(k - p). Real molar masses -> 9.82; p = k -> no solution; T cancels. Built with the prayogx-next-question skill
ADV-2026-P1-CHE-Q10,Complete,2026-09-27,2026-09-27,1,JEE Advanced,2026,Paper 1,Chemistry,10,Section 3,Numerical value (+4/0/0),Coordination Compounds,"Isomerism in coordination compounds - linkage, geometrical and optical isomers of a square planar complex",Ambidentate ligands and linkage isomerism; Unsymmetrical bidentate (AB) chelating ligands; Geometrical isomerism of square planar [M(AB)cd]; Optical isomerism and mirror planes; Counting isomers by symmetry,"K+ is a counter-ion, M(II), coordination number 4; NCS- (N or S) x NO2- (N or O) = 4 linkage sets; gly- is an unsymmetrical N,O chelate spanning cis corners; [M(AB)cd] square planar has 2 geometrical isomers; no optical isomers (molecular plane is a mirror plane)",Moderate,8,Yes,"Independent derivation; brute-force enumeration with the square's symmetry group; Burnside's lemma; 3-D coordinates with numerically found rotations and a mirror superposition test; tetrahedral, acac and halide controls; trap audit; MathonGo solution; headless-browser suite; official final key","Molecules drawn atom by atom; formula and charge stage; donor-atom stage for each ambidentate ligand; 2 x 2 linkage grid; cis-only chelate stage; live build of all 64 seatings with a growing gallery and log; folding into piles; mirror test; discovery curve and seatings-per-isomer bars; result audit; answer panel; badges; optional geometry and ligands with warnings; one-press automatic run; SHOW overlays; reveal; isomer explorer (turn, flip, swap, donor atom, mirror, show all); custom runs; classroom mode",simulations/2026/paper-1/chemistry/adv-2026-p1-che-q10/,coordination compounds; isomerism; linkage isomerism; geometrical isomerism; optical isomerism; ambidentate ligand; thiocyanate; thiocyanato; nitrite; nitro; nitrito; glycinate; gly; chelate; unsymmetrical bidentate; square planar; cis trans; mirror image; chirality; symmetry; counting isomers; numerical value; jee advanced 2026; paper 1; chemistry q10; section 3; virtual laboratory; classroom mode,papers/Jee_Adv_2026_paper1_solutions_final.pdf (page 31),"4 linkage sets x 2 geometrical isomers, 0 optical = 8. 64 seatings / 8 rotations. Tetrahedral -> 8 as 4 enantiomer pairs; acac -> 4; traps 6, 16, 2, 4. Built with the prayogx-next-question skill"
ADV-2026-P1-CHE-Q11,Complete,2026-09-27,2026-09-28,1,JEE Advanced,2026,Paper 1,Chemistry,11,Section 3,Numerical value (+4/0/0),"Aldehydes, Ketones and Carboxylic Acids","Carboxylic acids on heating - decarboxylation of beta-keto acids and cyclic anhydrides from cis-1,2-diacids","Beta-keto acid decarboxylation through a six-membered cyclic transition state; Keto-enol tautomerism (acid catalysed); Intramolecular nucleophilic acyl substitution; Cyclic anhydrides from cis-1,2-dicarboxylic acids; Counting carbonyl groups in ketones, acids and anhydrides","Reactant 1 is a double beta-keto acid: two cyclic decarboxylations with keto-enol tautomerism give pentan-3-one (1 C=O); reactant 2 is a cis-1,2-diacid, not a beta-keto acid: OH attack, proton transfer and loss of water give the cyclic anhydride (3 C=O); sum 4",Easy-Moderate,4,Yes,Independent derivation; drawing decoded with RDKit (cis); RDKit reaction templates for both reactions; SMARTS carbonyl count and atom balance; MMFF strain of trans vs cis anhydride; custom controls; trap audit; MathonGo solution; headless-browser suite; official final key,"Two-level bench (flask and molecules in step); limewater and copper sulfate tests; curved-arrow mechanisms pushed on molecule graphs with bonds breaking and forming and computed charges; live CO2, H2O, arrow and C=O gauges; C=O and molar-mass charts; result audit; answer panel; badges; optional substrates and heat with warnings; one-press automatic run; SHOW overlays and slow motion; reveal; mechanism explorer; custom runs; classroom mode; motion-graphics layer (kinetic titles, glowing atoms, flowing electron pairs, bond sparks, gas orb linking molecule and flask, equation fly-in)",simulations/2026/paper-1/chemistry/adv-2026-p1-che-q11/,aldehydes ketones and carboxylic acids; carboxylic acids; decarboxylation; beta-keto acid; keto-enol tautomerism; enol; cyclic transition state; acid anhydride; cyclic anhydride; dicarboxylic acid; cis; nucleophilic acyl substitution; tetrahedral intermediate; reaction mechanism; curved arrows; carbonyl group; pentan-3-one; limewater; copper sulfate; numerical value; jee advanced 2026; paper 1; chemistry q11; section 3; virtual laboratory; classroom mode,papers/Jee_Adv_2026_paper1_solutions_final.pdf (page 31),"X = pentan-3-one (1 C=O, 2 CO2 lost), Y = cis-fused keto anhydride (3 C=O, 1 H2O lost): 1 + 3 = 4. Trans diacid -> no anhydride but still 4; gamma-keto acid or no heat -> 6. First page with the two-level mechanism view. Built with the prayogx-next-question skill"
ADV-2026-P1-CHE-Q12,Complete,2026-09-28,2026-09-28,1,JEE Advanced,2026,Paper 1,Chemistry,12,Section 3,Numerical value (+4/0/0),Hydrocarbons,"Alkynes - acidity of terminal alkynes, acetylide SN2 alkylation and linear sp geometry","Acidity of terminal alkynes (sp C-H, pKa about 25); Sodium amide in liquid ammonia; Acetylide ions as nucleophiles: SN2 on primary halides; Hybridisation and bond angles: sp, sp2, sp3; Counting collinear atoms in a molecule","Two equivalents of NaNH2 deprotonate both terminal sp C-H of buta-1,3-diyne; each acetylide alkylates trans-crotyl bromide by SN2; X = CH3CH=CHCH2-C#C-C#C-CH2CH=CHCH3; the 4 sp carbons and the two CH2 bonded to them are collinear: 6",Easy-Moderate,6,Yes,"Independent derivation; RDKit reaction templates (deprotonation, SN2); RDKit hybridisation; MMFF 3-D collinearity over 20 conformers; rule vs geometry; custom controls; trap audit; MathonGo solution; headless-browser suite; official final key","Answer above the experiment and control dock below it; two-level bench (ammonia flask and molecules in step); curved-arrow deprotonations and SN2 with Walden flip pushed on molecule graphs; NaNH2 used up and NaBr settling; hybridisation labels and bond angles; laser-line spin test; live gauges; bond-angle and distance charts; result audit; badges; optional alkyne, base and bromide with warnings; one-press automatic run; SHOW overlays and slow motion; reveal; 3-D line explorer; custom runs; classroom mode; full drawn solution",simulations/2026/paper-1/chemistry/adv-2026-p1-che-q12/,"hydrocarbons; alkynes; terminal alkyne; acetylide; sodium amide; liquid ammonia; acidity; carbanion; sn2; alkylation; backside attack; walden inversion; crotyl bromide; buta-1,3-diyne; hybridisation; sp carbon; bond angle; collinear atoms; straight line; molecular geometry; reaction mechanism; curved arrows; numerical value; jee advanced 2026; paper 1; chemistry q12; section 3; virtual laboratory; classroom mode",papers/Jee_Adv_2026_paper1_solutions_final.pdf (page 31),"X = (2E,10E)-dodeca-2,10-diene-5,7-diyne; CH2-C#C-C#C-CH2 on one line: 6. Hexatriyne 8, ethyne 4, 1 eq 5. First page with the answer shown above the experiment and the open drawn solution (layout v2). Built with the prayogx-next-question skill"
ADV-2026-P1-CHE-Q13,Complete,2026-09-28,2026-09-28,1,JEE Advanced,2026,Paper 1,Chemistry,13,Section 4,"Matching list, single option (+4/0/-1)",Thermodynamics,"Signs of enthalpy and entropy change - adsorption, allotropes, protein denaturation and ring strain","Enthalpy change and heat flow at constant pressure; Entropy change and molecular freedom; Hess's law from combustion enthalpies; Physisorption thermodynamics; Protein denaturation (two-state model, DSC); Ring strain in cyclopropane; Gibbs energy and spontaneity","Physisorption: heat out, 3-D gas to 2-D film (2); diamond to graphite: Hess -1.9 kJ/mol, entropy up (5); denaturation: H-bonds broken, chain disordered (1); propene to cyclopropane: ring strain +33.3 kJ/mol, rotor frozen (4); only option C matches",Moderate,C,Yes,Independent derivation; Hess's law two ways; third-law entropies; Sackur-Tetrode entropies checked against S(N2); two-state DSC integration; reversed-process controls; option audit; MathonGo solution; headless-browser suite; official final key,"Answer above the experiment and control dock below it; adsorption, lattice, DSC and ring-closure animations; ΔH and ΔS sign meters; Hess ladders and live thermogram; sign plane; options tested entry by entry; ΔG-T and ΔH/ΔS charts; badges; optional reversed processes and chemisorption with warnings; one-press automatic run; SHOW overlays and slow motion; reveal; ΔG-T explorer; custom runs; classroom mode; full worked solution",simulations/2026/paper-1/chemistry/adv-2026-p1-che-q13/,thermodynamics; enthalpy; entropy; gibbs energy; spontaneity; sign of delta h; sign of delta s; physisorption; adsorption; diamond; graphite; allotropes; hess's law; enthalpy of combustion; protein denaturation; dsc; differential scanning calorimetry; cyclopropane; propene; ring strain; sackur-tetrode; matching list; jee advanced 2026; paper 1; chemistry q13; section 4; virtual laboratory; classroom mode,papers/Jee_Adv_2026_paper1_solutions_final.pdf (page 32),"P2 Q5 R1 S4 -> C. Representative values: N2 on charcoal for physisorption, a lysozyme-like protein for denaturation; the signs do not depend on the choice. Built with the prayogx-next-question skill"
ADV-2026-P1-CHE-Q14,Complete,2026-09-28,2026-09-28,1,JEE Advanced,2026,Paper 1,Chemistry,14,Section 4,"Matching list, single option (+4/0/-1)",Chemical Bonding and Molecular Structure,"VSEPR theory - lone pairs, steric number and molecular shapes of main-group and xenon species","Counting lone pairs on the central atom; Steric number and electron geometry; Lone-pair repulsion and equatorial placement; Shapes with lone pairs: see-saw, T-shaped, square pyramidal, trigonal pyramidal; Xenon and interhalogen species","Lone pairs from (V - bonding electrons - charge)/2; SF4 see-saw (1); ClF3 and XeF3+ T-shaped (2); none trigonal planar (5), since SOCl2 and SO3 2- are pyramidal; XeOF4, ClF5 and XeF5+ square pyramidal (3); option A",Moderate,A,Yes,"Independent derivation; lone pairs two ways; separate scipy repulsion model; AXnEm table; controls SO3, XeF4, SF6; option audit; MathonGo solution; headless-browser suite; official final key",Answer above the experiment and control dock below it; eight species cards with electron counting; 3-D domain relaxation with every lone-pair placement tried; rotating models named from bond angles; shape bins and tally; List-II and options tested; angle and count charts; badges; optional species swaps with warnings; one-press automatic run; SHOW overlays and slow motion; reveal; VSEPR builder; custom runs; classroom mode; full worked solution,simulations/2026/paper-1/chemistry/adv-2026-p1-che-q14/,chemical bonding; vsepr; lone pair; steric number; molecular shape; molecular geometry; see-saw; t-shaped; trigonal planar; square pyramidal; trigonal pyramidal; trigonal bipyramidal; octahedral; xenon compounds; interhalogen; sf4; clf3; xeof4; xef5+; xef3+; socl2; sulfite; bond angle; matching list; jee advanced 2026; paper 1; chemistry q14; section 4; virtual laboratory; classroom mode,papers/Jee_Adv_2026_paper1_solutions_final.pdf (page 33),"Counts 1, 2, 0, 3 -> P1 Q2 R5 S3 -> A. SO3 for SO3 2- makes R -> 1; XeF4 for XeF3+ makes Q -> 1; SF6 for SF4 makes P -> 5. Built with the prayogx-next-question skill"
ADV-2026-P1-CHE-Q15,Complete,2026-09-28,2026-09-28,1,JEE Advanced,2026,Paper 1,Chemistry,15,Section 4,"Matching list, single option (+4/0/-1)","Aldehydes, Ketones and Carboxylic Acids",Reductive ozonolysis of cyclic alkenes and intramolecular aldol cyclization via the more stable enolate,"Ozonolysis - Criegee mechanism (molozonide, carbonyl oxide, secondary ozonide); Reductive work-up with Zn / H2O; Enolate stability and substitution; Intramolecular aldol reaction and ring size; Bicyclic ring systems: decalin and hydroazulene","Ozonolysis cuts the ring-fusion C=C into a ten-membered dione (6-6 -> 1,6; 7-5 -> 1,5); the more substituted enolate that can close rings of five or more attacks the other C=O; 6-6 alkenes give 5-7 aldols, 7-5 alkenes give decalins: P2 Q1 R5 S3, option C",Difficult,C,Yes,Independent derivation; RDKit ozonolysis and aldol templates with every enolate enumerated; independent eight-step arrow-pushing; canonical-SMILES match with List-II; kinetic-enolate and no-base controls; option audit; MathonGo solution; headless-browser suite; official final key,"Answer above the experiment and control dock below it; two-level bench (ozonolysis flask and molecules in step); eight curved-arrow steps for P with bonds breaking and forming and computed charges; Q, R, S through the same steps; graph matching with List-II; options tested; C=O and enolate charts; badges; kinetic-enolate and no-base options with warnings; one-press automatic run; SHOW overlays and slow motion; reveal; mechanism explorer; custom runs; classroom mode; full drawn solution",simulations/2026/paper-1/chemistry/adv-2026-p1-che-q15/,aldehydes ketones and carboxylic acids; ozonolysis; criegee mechanism; molozonide; ozonide; carbonyl oxide; reductive work-up; zinc; dione; enolate; thermodynamic enolate; more stable enolate; aldol; intramolecular aldol; ring closure; beta-hydroxy ketone; decalin; hydroazulene; bicyclic; reaction mechanism; curved arrows; matching list; jee advanced 2026; paper 1; chemistry q15; section 4; virtual laboratory; classroom mode,papers/Jee_Adv_2026_paper1_solutions_final.pdf (page 34),"P -> (2), Q -> (1), R -> (5), S -> (3): option C. Kinetic enolate: P, Q, S not in List-II. Drawing coordinates generated with RDKit by tests/gen_q15.py. Built with the prayogx-next-question skill"
ADV-2026-P1-CHE-Q16,Complete,2026-09-28,2026-09-29,1,JEE Advanced,2026,Paper 1,Chemistry,16,Section 4,"Matching list, single option (+4/0/-1)","Aldehydes, Ketones and Carboxylic Acids","Reactions of oximes - intramolecular nucleophilic aromatic substitution, Kemp elimination and dehydration of O-acyl aldoximes to nitriles","E/Z isomerism of oximes and its consequences; Intramolecular SNAr of o-halo aryl oximes to 1,2-benzisoxazoles; Activation of SNAr by a para-nitro group (Meisenheimer complex); Kemp elimination of 3-unsubstituted 1,2-benzisoxazoles; O-Acetylation of oximes and anti elimination of O-acyl aldoximes to nitriles; Hydrolysis of O-acyl ketoximes; Beckmann rearrangement (distractor)","C=N does not rotate: only a Z oxime O (syn to the ring) can reach the ortho C-Br carbon; an E oxime O never can; Intramolecular SNAr needs the ring activated: the NO2 para to Br takes the Meisenheimer charge; A 1,2-benzisoxazole with H on C3 is opened by base (Kemp elimination) to a 2-cyanophenoxide; with CH3 on C3 it survives; O-Acetylation removes the nucleophile; an O-acetyl aldoxime loses AcOH by anti E2 to the nitrile; An O-acetyl ketoxime in aqueous carbonate is only hydrolysed; the C=N geometry is kept; The amide (3) is a Beckmann product - it needs acid, not base",Difficult,B,Yes,"Independent derivation; RDKit structure edits for SNAr, Kemp, acetylation, anti E2 and hydrolysis; ETKDG+MMFF torsion scan (Z reaches C2, E never); RDKit resonance of the Meisenheimer complex; independent arrow-pushing ledger; distractor audit and controls; page engine run in Node; headless-browser run of the page and app shell; official key checked afterwards (MathonGo not consulted)","Answer above the experiment and control dock below it; 3-D reach scan of the side chain; two-level bench (flask on a stirrer with dropping funnel beside the molecules); 15 curved-arrow steps across four flasks; instrument panel with charge and octet checks; analysis bench (A380, AgBr, IR); graph match to List-II; reach explorer (Z/E, O-H/O-acetyl, reagent, draggable 3-D model); 15 mechanism figures in the solution; concept and key takeaways; classroom mode",simulations/2026/paper-1/chemistry/adv-2026-p1-che-q16/,"aldehydes ketones and carboxylic acids; oxime; e/z isomerism; geometric isomerism; nucleophilic aromatic substitution; snar; meisenheimer complex; benzisoxazole; 1,2-benzisoxazole; kemp elimination; nitrile; dehydration; acetic anhydride; o-acyl oxime; ester hydrolysis; beckmann rearrangement; haloarenes; nitro group; curved arrows; mechanism",papers/Jee_Adv_2026_paper1_solutions_final.pdf (page 35),"P -> (1), Q -> (2), R -> (4), S -> (5): option B. Z oxime O comes within contact of the C-Br carbon (rigid-rotation model), E never nearer than 4.2 A. Custom: meta-NO2 no cyclisation; Z-S -> (4); S in acid -> (3). Reviewed and approved by the owner on 2026-09-29."
ADV-2026-P1-PHY-Q01,Complete,2026-09-29,2026-09-29,1,JEE Advanced,2026,Paper 1,Physics,1,Section 1,Single correct MCQ (+3/0/-1),System of Particles and Rotational Motion,Rolling without slipping on a fixed circular surface - angular speed of the centre and relative angular motion,"Rolling without slipping: the contact point is instantaneously at rest, v = omega r; Rolling on the outside of a fixed circle: the centre moves on radius R + r; Coin-rotation paradox: a roller spins 1 + R/r times per lap; Relative angular motion of two bodies moving round a circle in opposite directions; Contact angle between two touching disks on a circle (small-angle approximation)","The contact point of a disk rolling on a fixed surface is at rest, so its centre moves at v = omega r; Rolling round the outside of a fixed disk, the centre is at distance R + r from O, so Omega = omega r/(R + r) = omega/51, not omega/50; Moving in opposite directions, the angle between the centres changes at Omega1 + Omega2 = 3 omega/51; Touching disks of finite size meet again when the far-side gap closes to the contact angle: the sweep is 2 pi - 2 dTheta, not 2 pi; With sin dTheta = dTheta the chord 2r equals the arc (R + r) dTheta, so dTheta = 2/51",Moderate,(C),Script-verified,"Solved independently from the rolling constraint and the geometry: Omega = omega r/(R + r), dTheta = 2r/(R + r), sweep 2 pi - 2 dTheta, tau = 51(2 pi - 4/51)/3 omega - option C; sympy: only option C simplifies to the derived tau; RK4 time stepping of both centres by the no-slip condition alone (contact material point at rest), exact contact angle: omega tau = 105.4807, within 0.01 % of C; Coin rotation: integrated spin 51 turns per lap; roller 2 spins twice as far as roller 1; Controls R/r = 10, 5; speeds (1,1), (1,3), (2,3): all follow (R + r)/r (2 pi - 2 dTheta)/(n1 + n2); Every option audited: A uses omega/51 for the relative speed, B removes dTheta once, D both; The page engine extracted and run in Node: same answer, same numbers; MathonGo published solution (their Q17 = Physics Q.1): (C); Official key printed with the paper (checked after the independent solution): Q.1 -> C","Mission brief with the question verbatim, the figure redrawn, the four options and tiles for dTheta, Omega1 + Omega2 and omega tau; The final answer shown above the experiment screen from the start, with the stage message and progress under it; A pseudo-3-D rolling-ring bench at true scale (r = R/50): clamped steel disk, degree ring, the centres' circle R + r, swept arcs and the gap still to close; Magnifying lenses riding on each roller: knurled rollers with painted spokes, rim graduations sliding underneath, the contact point at rest and v, 2v arrows; A stopwatch in units of 1/omega; the bench stops it when the centres are again exactly 2r apart; One START runs nine stages: contact, no slip, centre circle, apart, the long way round, contact again, formula, audit, answer; Instrument panel: omega t, angles moved, centres/2r, spins of each roller, Omega1 and Omega2; Charts from the model: the angles moved against omega t with the 2 pi - 2 dTheta target; omega tau of each option against the bench; Result audit of all four options with the mistake each one makes, badges, a reasoning log and an evidence table; Optional conditions (R/r, both speeds, direction, exact contact angle) with honest warnings and robust input parsing; Coin-rotation explorer: roll one roller once round and count its spins (1 + R/r), by drag, keys or slider; Replay, pause, reset, speed and slow motion, classroom mode, reduced motion, phone layout with the stage caption as text",simulations/2026/paper-1/physics/adv-2026-p1-phy-q01/,rotational motion; rolling without slipping; rolling on a curved surface; coin rotation paradox; relative angular velocity; angular speed; circular motion; contact point; physics; mechanics,papers/Jee_Adv_2026_paper1_solutions_final.pdf (page 12),First Physics page; built by the simulation factory in production mode; status script_verified (no human review)
ADV-2026-P1-PHY-Q02,Complete,2026-09-29,2026-09-29,1,JEE Advanced,2026,Paper 1,Physics,2,Section 1,Single correct MCQ (+3/0/-1),Electromagnetic Induction,Self and mutual inductance of coaxial solenoids - a shorted coil lowers the effective inductance and raises the LC resonance,"Self-inductance of a long solenoid, L = mu0 n^2 A l; Mutual inductance of coaxial solenoids, M = mu0 n1 n2 (common area)(common length); A resistance-free shorted coil keeps its flux linkage fixed: L2 dI2/dt + M dI1/dt = 0; Effective inductance L_eff = L1 - M^2/L2 = L1 (1 - k^2); LC resonance, omega = 1/sqrt(L_eff C)","The inner coil has 2N turns per length over d/2 - the same N d turns - on area S/2, so L2 = mu0 (2N)^2 (S/2)(d/2) = L; The outer field mu0 N I1 threads the inner coil's turns over its area: M = mu0 N (2N)(S/2)(d/2) = L/2; With no resistance the shorted coil's EMF is zero, so I2 = -(M/L2) I1 = -I1/2, and the field inside it vanishes; The field is expelled from (S/2)(d/2) = a quarter of the volume, so L_eff = L - M^2/L2 = 3L/4; omega = 1/sqrt(L_eff C) = 2/sqrt(3LC); for coaxial solenoids L_eff = L(1 - a l) whatever the inner turns",Moderate,(C),Script-verified,"Solved independently: L2 = L, M = L/2, zero EMF round the shorted coil, L_eff = L - M^2/L2 = 3L/4, omega = 2/sqrt(3LC) - option C; sympy: inductances from mu0 n^2 A l and mu0 n1 n2 A l; L_eff and omega derived; only option C matches; scipy integration of the coupled circuit (no L_eff used): measured omega sqrt(LC) = 1.154701, I2 = -I1/2 throughout, energy conserved; Field energy: flux conservation fixes I2, Ampere's law gives B = 0 in the core, the energy integral gives L_eff = 3L/4; Controls: open coil omega sqrt(LC) = 1; other turns, areas and lengths always 1/sqrt(1 - a l); Every option audited by the inductance it implies: A 15L/16, B 5L/36, C 3L/4, D 3L/2 = L + M; The page engine extracted and run in Node: same answer, same numbers; MathonGo published solution (their Q18 = Physics Q.2): (C); Official key printed with the paper (checked after the independent solution): Q.2 -> C","Mission brief with the question verbatim, the figure redrawn, the four options and tiles for L2 and M, L_eff and omega sqrt(LC); The final answer shown above the experiment screen from the start, with the stage message and progress under it; A glowing pseudo-3-D bench: glass solenoid with copper turns, the silver inner coil, a knife switch shorting it, capacitor plates lit by charge, the AC source, current dots in every wire; Magnetic-field particles streaming along the axis; when the switch closes the inner coil's core empties (B = 0); A phosphor oscilloscope comparing the charge on C with the coil open and shorted, then a frequency sweep finding the resonance; Energy bars (capacitor and coil) and a field-volume gauge showing the field filling 75 % of the coil; One START runs ten stages: circuit, coil field, inner coil, mutual inductance, short, L_eff, oscillation, resonance, audit, answer; Instrument panel: I1, I2, B outside and inside the core, L_eff/L, omega sqrt(LC), energy split; Charts from the model: charge against time (shorted and open); resonance curve with the four options marked; Result audit of all four options by the inductance each implies, badges, a reasoning log and an evidence table; Optional conditions (inner turns, area, length, shorted or open) with honest warnings and robust input parsing; Coupled-coil explorer: change area, length and turns, short or open the coil, and read L2, M, k^2, L_eff and the resonance; Replay, pause, reset, speed and slow motion, classroom mode, reduced motion, phone layout with the stage caption as text",simulations/2026/paper-1/physics/adv-2026-p1-phy-q02/,electromagnetic induction; self inductance; mutual inductance; solenoid; shorted coil; flux conservation; effective inductance; lc circuit; resonance; physics,papers/Jee_Adv_2026_paper1_solutions_final.pdf (page 13),Built by the simulation factory in production mode; status script_verified (no human review)
ADV-2026-P1-PHY-Q03,Complete,2026-09-30,2026-09-30,1,JEE Advanced,2026,Paper 1,Physics,3,Section 1,Single correct MCQ (+3/0/-1),System of Particles and Rotational Motion,"Rolling off a vertical edge - rotation about the corner, energy with the parallel-axis inertia, and loss of contact when N = 0","Rolling without slipping: the contact point is at rest, so reaching the edge gives no impulse; Moment of inertia about the corner by parallel axes: I = I_cm + mR^2 = 3/2 mR^2; Energy about a fixed pivot: 3/4 m v^2 = 3/4 m v0^2 + mgR(1 - cos theta); Radial equation at the corner: N = mg cos theta - m v^2/R; contact lost when N = 0; Leaving at once when v0^2 >= gR","At the edge the rolling cylinder's contact point is already at rest, so it simply starts turning about the corner with omega = v0/R; About the corner the kinetic energy is (1/2)(3/2 mR^2)(v/R)^2 = 3/4 m v^2; Energy: 3/4 v^2 = 3/4 v0^2 + gR(1 - cos theta); The corner's push N = mg cos theta - m v^2/R falls as theta grows; contact is lost when v^2 = gR cos theta; cos theta = (3 v0^2/gR + 4)/7 = 5/7 for v0^2 = gR/3, so v = sqrt(5gR/7)",Moderate,(B),Script-verified,"Solved independently: no impulse at the edge, I_corner = 3/2 mR^2, energy about the corner with N = 0 gives cos theta = 5/7 and v^2 = 5gR/7 - option B; sympy: energy with the parallel-axis inertia and the contact condition give cos theta = (3 v0^2/gR + 4)/7 = 5/7; only option B matches; Newton-Euler in Cartesian coordinates (scipy), with the corner's force solved from the no-slip constraint and no energy equation: release at v^2/gR = 0.714286, cos theta = 5/7; Exact fractions: cos theta = 5/7, and the energy balance closes; Whole input range: v0^2/gR from 0.04 to 0.99 agrees with (3u + 4)/7; v0^2 >= gR leaves at the edge; after release the cylinder never touches the block again; Every option audited: A (0) and C (gR/15) are below v0^2 - impossible; D (3gR/7) would need cos theta = 3/7 where N = -2/3 mg (the initial KE subtracted); B is the only consistent one; The page engine extracted and run in Node: same answer, same numbers, its own pivot integration agrees; MathonGo published solution (their Q19 = Physics Q.3): (B); Official key printed with the paper (checked after the independent solution): Q.3 -> B","Layout v3 (G5): the question verbatim with the figure redrawn and the four options as tiles; the answer line visible from load and confirmed by the run; A large pseudo-3-D experiment: a brushed-steel solid cylinder with spin marks rolls along a stone block and turns about its lit corner; Force arrows to scale in units of mg: gravity, the corner's push N shrinking to zero, the friction that keeps it from slipping, and the velocity; One START runs roll, pivot about the corner, the release frozen at N = 0 with a callout, and free flight on a parabola; Four readouts drawn in the scene: speed of the centre, v^2/gR, the angle theta and the corner's push N; Launch-speed slider with a Question value restore and honest warnings, including leaving at once when v0^2 >= gR; One chart from the model: the v^2/gR the cylinder has (energy) against the most the corner can hold (cos theta), crossing at release; Detailed solution with a free-body figure, the four-option table, the concept and key takeaways; Start, pause, replay, reset, speed 1x / 1/2x / 1/4x, forces on or off, classroom mode, reduced motion, portrait phone scene",simulations/2026/paper-1/physics/adv-2026-p1-phy-q03/,rotational motion; rolling without slipping; moment of inertia; parallel axis theorem; energy conservation; normal force; loss of contact; circular motion; solid cylinder; physics,papers/Jee_Adv_2026_paper1_solutions_final.pdf (page 13),Built by the simulation factory in production mode; status script_verified (no human review)
ADV-2026-P1-PHY-Q04,Complete,2026-09-30,2026-09-30,1,JEE Advanced,2026,Paper 1,Physics,4,Section 1,Single correct MCQ (+3/0/-1),Ray Optics and Optical Instruments,"Power of a thin lens immersed in a liquid - lens-maker's formula in a medium, optical power n_L/f against 1/f",Refraction at a spherical surface: surface power (n2 - n1)/R; Thin lens in a medium: optical power = sum of the surface powers = (n_g - n_L)(1/R1 - 1/R2); Lens-maker's formula in a medium: 1/f = (n_g/n_L - 1)(1/R1 - 1/R2); A lens vanishes when n_L = n_g and changes from converging to diverging when n_L > n_g; Two definitions of power in a medium: 1/f (a hyperbola in n_L) and n_L/f (linear in n_L),"Each surface of the lens bends light by (n_g - n_L)/R, so the bending depends on the index difference with the liquid; Optical power n_L/f = 10(1.5 - n_L) D: a straight line through 5 D, 0 and -5 D at n_L = 1, 1.5, 2 - plot (B); 1/f = 10(1.5/n_L - 1) D: a curve (hyperbola, concave up) through 5 D, 0 and -2.5 D - plot (A); At n_L = 1.5 there is no refraction: f is infinite and the power is zero, so plots that diverge there (C, D) show f, not power; The official key accepts A or B because the two plots are the two standard definitions of power in a medium",Easy-Moderate,A or B,Script-verified,"Solved independently: surface powers (n_g - n_L)/R added give n_L/f = 10(1.5 - n_L) D, a straight line (B); the lens-maker's formula in the liquid gives 1/f = 10(1.5/n_L - 1) D, a curve (A); both zero at 1.5, so C and D (divergent there) are out; sympy: optical power 2(n_g - n_L)/R and 1/f = power/n_L; values 5, 0, -2.5 and 5, 0, -5 D; convexity and linearity; plot matching gives exactly A and B; Exact Snell's-law ray trace through the two spherical surfaces (no paraxial formula): f = 20 cm in air, 78.2 cm in water, -40 cm at 2.0; the traced 1/f matches plot A and n_L/f plot B; ABCD matrices (reduced angles): system power = n_L/f at every liquid; Every option audited: A (1/f) and B (n_L/f) accepted; C and D diverge at 1.5 where the power is zero (they behave like f); D also has the wrong sign in air; The page engine extracted and run in Node: same curves, answer 'A or B'; MathonGo published solution (their Q20 = Physics Q.4): (A), using 1/f - contained in the official key; Official key printed with the paper (checked after the independent solution): Q.4 -> A or B","Layout v3 (G5): the question verbatim with the four printed plots redrawn as tiles; the answer line (A or B, with the definition behind each) visible from load and confirmed by the run; A large optical bench: a glass tank whose liquid deepens in colour with its index, a double convex glass lens, and a laser comb of parallel rays; Rays converge to a focus, pass straight when the lens vanishes at n_L = 1.5, and diverge from a virtual focus beyond it; the glass fades as the index matches; A plotter in the scene draws 1/f (blue, a curve) and n_L/f (orange, a straight line) as the liquid changes; One START sweeps the liquid from 1.00 to 2.00, stopping at air, water, 1.50 and 2.00 with narration; Four readouts drawn in the scene: n_L, f in the liquid, 1/f and n_L/f; Liquid presets (air, water, 1.50, 2.00) and an n_L slider, speed 1x / 1/2x, pause, replay, reset, classroom mode, reduced motion, portrait phone scene; Detailed solution with the value table, the four-option table, the concept and key takeaways",simulations/2026/paper-1/physics/adv-2026-p1-phy-q04/,ray optics; lens; lens maker formula; refractive index; lens in a liquid; power of a lens; focal length; diopter; refraction at spherical surface; converging and diverging; physics,papers/Jee_Adv_2026_paper1_solutions_final.pdf (page 14),Built by the simulation factory in production mode; status script_verified (no human review)
ADV-2026-P1-PHY-Q05,Complete,2026-09-30,2026-09-30,1,JEE Advanced,2026,Paper 1,Physics,5,Section 2,Multiple correct MCQ (+4/partial/0/-1),Atoms,"Bohr model of hydrogen - kinetic energy, de Broglie wavelength and the photon frequency in a Lyman transition","Bohr quantisation m v r = k h/2pi and the Coulomb force: v ~ 1/k, r ~ k^2, K ~ 1/k^2; Kinetic energy K_k = (h/4pi) k v_k/r_k = e^2/(8 pi eps0 r_k); total energy E_k = -K_k; de Broglie wavelength lambda_k = 2 pi r_k/k = e^2/(4 eps0 k K_k): k wavelengths on orbit k; Lyman series: h nu = E_n - E_1 = e^2/(8 pi eps0)(1/r_1 - 1/r_n), ultraviolet","From m v r = k hbar, K_k = (1/2)(m v_k r_k)(v_k/r_k) = (h/4pi) k v_k/r_k, so |dK| = (h/4pi)|n v_n/r_n - v_1/r_1| - statement (A); E = -K, so |dE| = |dK|; statement (D) has h/2pi and is twice the change; The photon carries h nu = K_1 - K_n = e^2/(8 pi eps0)(1/r_1 - 1/r_n) - statement (C); lambda_k = e^2/(4 eps0 k K_k), so statement (B) misses the 1/n and is (n + 1) times the true change",Moderate,"(A), (C)",Script-verified,"Solved independently: K_k = (h/4pi) k v_k/r_k gives (A); E = -K makes (D) twice the change; lambda_k = e^2/(4 eps0 k K_k) makes (B) miss the 1/n; h nu = K_1 - K_n gives (C) - answer A, C; sympy: Bohr orbits derived for symbolic k and n; ratio of each expression to its true quantity: A 1, B n + 1, C 1, D 2; scipy.constants (CODATA), every Lyman line n = 2..10: A and C equal, B = (n+1) x, D = 2 x; energies = 13.6(1 - 1/n^2) eV; Exact fractions: B ratio n + 1 and D ratio 2 for n = 2..6; Every option audited against the measured change for each starting orbit 2..6 (page suite); The page engine extracted and run in Node: same audit, answer '(A), (C)'; MathonGo published solution (their Q21 = Physics Q.5): (A), (C); Official key printed with the paper (checked after the independent solution): Q.5 -> AC","Layout v3 (G5): the question verbatim with the four statements; the answer line (A), (C) visible from load and confirmed by the run; A large Bohr hydrogen atom: nucleus, orbits 1 to 6 (radii not to scale), the electron with its de Broglie standing wave - k wavelengths on orbit k; One START runs orbit n, the jump to orbit 1, the emitted Lyman photon (ultraviolet, drawn violet) with an energy-level diagram, the measured changes and an audit of each option; Four readouts drawn in the scene: v, r, K and the de Broglie wavelength of the current orbit; The audit stage evaluates each option's expression and sets it beside the measured change: (A) and (C) equal, (B) (n + 1) times too large, (D) twice; Starting orbit 2 to 6, speed 1x / 1/2x, de Broglie wave on or off, pause, replay, reset, classroom mode, reduced motion, portrait phone scene; Detailed solution with the n = 3 value table, the concept and key takeaways",simulations/2026/paper-1/physics/adv-2026-p1-phy-q05/,bohr model; hydrogen atom; lyman series; kinetic energy; total energy; de broglie wavelength; angular momentum quantisation; photon frequency; energy levels; one or more correct; physics,papers/Jee_Adv_2026_paper1_solutions_final.pdf (page 15),Built by the simulation factory in production mode; status script_verified (no human review)
ADV-2026-P1-PHY-Q06,Complete,2026-09-30,2026-09-30,1,JEE Advanced,2026,Paper 1,Physics,6,Section 2,Multiple correct MCQ (+4/partial/0/-1),Motion in a Plane,Projectile through a given point - launch speed for a given angle and the position of the highest point,Equation of trajectory y = x tan th - g x^2/(2 v^2 cos^2 th); Speed needed to pass a given point at a given angle; Highest point at x = v^2 sin 2th / 2g (half the level range); Aiming along the line of sight needs infinite speed: gravity pulls every real path below it,"Through P (5 m, 1 m): v^2 = 25 g / (2 cos^2 th (5 tan th - 1)); At 45 deg v = 5 sqrt(g)/2 and the top is at x = 25/8 = 3.125 m, before P - statements (A) and (B); At 30 deg v^2 = 8.83 g and the top is at x = 3.825 m, still before P - statement (C) false; tan th = 1/5 is the slope of OP itself, so 5 tan th - 1 = 0 and v is unbounded; 125 sqrt(g) passes 0.83 mm below P - statement (D) false; The top lies beyond P only for shallow throws, 11.3 deg < th < 21.8 deg",Easy-Moderate,"(A), (B)",Script-verified,"Solved independently: the trajectory through (5, 1) gives v^2(th); 45 deg: v = 5 sqrt(g)/2, top 3.125 m before P (A, B true); 30 deg: top 3.825 m before P (C false); tan th = 1/5 is the line OP, v unbounded (D false) - answer A, B; sympy: v^2(th), the top from dy/dx = 0, x_top = 12.5 tan th/(5 tan th - 1); each statement decided; the top is beyond P only for tan th < 2/5; Newton's second law integrated numerically (no trajectory formula), speed found by shooting: 2.500 sqrt(g) and top 3.125 m at 45 deg; 2.972 sqrt(g) and 3.825 m at 30 deg; along tan^-1(1/5) every speed passes below P; Exact: with v = 125 sqrt(g) along tan^-1(1/5) the ball passes 26/31250 m = 0.83 mm below P; The page engine extracted and run in Node: same numbers, answer '(A), (B)'; MathonGo published solution (their Q22 = Physics Q.6): (A), (B); Official key printed with the paper (checked after the independent solution): Q.6 -> AB","Layout v3 (G5): the question verbatim with its figure redrawn and the four statements; the answer line (A), (B) visible from load and confirmed by the run; A large field drawn to scale in metres: a launcher at O, a ring P on a 1 m pole 5 m away, a metre tape and the line of sight OP; One START throws at 45 deg and 30 deg at the speed each needs to pass P, flags each highest point before or after P, then tries 10, 30 and 125 sqrt(g) along tan^-1(1/5) and shows each passing below P; Four readouts drawn in the scene: the launch angle, the launch speed in sqrt(g), the x of the highest point and the height at x = 5 m; A final audit stage checks statements A to D against the measured throws; Angle presets (45, 30, tan^-1(1/5)) and an any-angle slider (16 to 70 deg) showing that a 20 deg throw peaks after P; speed 1x / 1/2x, pause, replay, reset, classroom mode, reduced motion, portrait phone scene; Detailed solution with the throw table, the concept and key takeaways",simulations/2026/paper-1/physics/adv-2026-p1-phy-q06/,projectile motion; trajectory; motion in a plane; launch angle; maximum height; range; projectile through a point; line of sight; kinematics; one or more correct; physics,papers/Jee_Adv_2026_paper1_solutions_final.pdf (page 16),Built by the simulation factory in production mode; status script_verified (no human review)
ADV-2026-P1-PHY-Q07,Complete,2026-09-30,2026-09-30,1,JEE Advanced,2026,Paper 1,Physics,7,Section 2,Multiple correct MCQ (+4/partial/0/-1),Thermodynamics,"A cycle of isothermal, isochoric and adiabatic processes for a monoatomic ideal gas - heat flows, temperature and pressure ratios, efficiency","Isothermal process: dU = 0, Q = W = nRT ln(V2/V1), P proportional to 1/V; Isochoric process: W = 0, Q = n C_V dT; Adiabatic process: Q = 0, T V^(gamma - 1) constant; gamma = 5/3 for a monoatomic gas; Efficiency of a cycle, eta = (Q_in - Q_out)/Q_in","The adiabat gives T_a/T_c = (V2/V1)^(2/3) = 4 for V2/V1 = 8 - statement (C); Heat absorbed on ab = nRT_a ln 8 = 2.1 nRT_a exceeds the heat released on bc = (3/2) nR (3/4) T_a = 1.125 nRT_a - statement (A); Both heats scale with T_a, so eta = 1 - (3/2)(1 - r^(-2/3))/ln r depends only on r - statement (B); On the isotherm P_a/P_b = V2/V1 = 8, not 4 - statement (D) false",Moderate,"(A), (B), (C)",Script-verified,"Solved independently: adiabat T_a/T_c = 8^(2/3) = 4 (C); Q_bc = 9/8 nRT_a < Q_ab = 3 ln 2 nRT_a (A); eta independent of T_a (B); P_a/P_b = 8 (D false) - answer A, B, C; sympy: states, heats and eta(r) symbolically; T_a absent from eta; First law integrated numerically along each leg (scipy), the adiabat from dT/dV = -P/(n C_V): T_c = 75.0 K from 300 K; Q_ab = 5.187 kJ, Q_bc = 2.806 kJ; eta the same at 150, 300, 600, 1200 K for r = 2, 4, 8, 16; With the paper's ln 2 = 0.7: Q_ab = 2.1 nRT_a > 1.125 nRT_a, eta = 0.464; The page engine extracted and run in Node: same numbers, answer '(A), (B), (C)'; MathonGo published solution (their Q23 = Physics Q.7): (A), (B), (C); Official key printed with the paper (checked after the independent solution): Q.7 -> ABC","Layout v3 (G5): the question verbatim with its P-V figure redrawn and the four statements; the answer line (A), (B), (C) visible from load and confirmed by the run; A large gas cylinder with a piston: it expands on a hot bath (heat in), is locked and cooled on a cold bath (heat out), then is insulated and compressed (work on the gas); molecules move with sqrt(T); A P-V plotter in the scene traces the isotherm, the isochore and the adiabat as the gas moves; Four readouts drawn in the scene: T, V/V1, P/P_a and the heat in and out so far; A final audit stage checks statements A to D against the measured cycle; V2/V1 = 2, 4 or 8 and T of ab = 300 K or 600 K, showing that eta depends only on the volume ratio; speed 1x / 1/2x, pause, replay, reset, classroom mode, reduced motion, portrait phone scene; Detailed solution with a table for three volume ratios, the concept and key takeaways",simulations/2026/paper-1/physics/adv-2026-p1-phy-q07/,thermodynamics; thermodynamic cycle; isothermal process; isochoric process; adiabatic process; monoatomic ideal gas; efficiency; heat engine; pv diagram; one or more correct; physics,papers/Jee_Adv_2026_paper1_solutions_final.pdf (page 16),Built by the simulation factory in production mode; status script_verified (no human review)
ADV-2026-P1-PHY-Q08,Complete,2026-09-30,2026-09-30,1,JEE Advanced,2026,Paper 1,Physics,8,Section 2,Multiple correct MCQ (+4/partial/0/-1),Electromagnetic Waves,"A plane electromagnetic wave from its electric field - direction of travel, wave vector, angular frequency and the magnetic field","Plane wave sin(k.r + wt): wavefronts k.r = const move along -k-hat (along +k-hat for -wt); |k| = 2 pi/lambda from the spatial part; vacuum dispersion w = c|k|; Faraday's law dB/dt = -curl E fixes B: perpendicular to E and to the travel, |B| = |E|/c; Poynting vector E x B points along the direction of travel","k = 3j + 4k-hat, |k| = 5 m^-1 - statement (B) (0.5) false; A crest 3y + 4z + wt = const moves so that 3y + 4z falls: along -(3j + 4k)/5 - statement (A); w = c|k| = 3e8 x 5 = 1.5e9 rad/s - statement (C); Faraday's law gives B = (E0/c) sin(...)(-4j + 3k)/5; statement (D)'s (E0/c)(4j - 3k) is -5 times it (wrong sign and size) - false",Moderate,"(A), (C)",Script-verified,"Solved independently: |k| = 5 (B false); +wt phase travels along -(3j + 4k)/5 (A); w = c|k| = 1.5e9 (C); Faraday gives B = (E0/c)(-4j + 3k)/5 sin(...), so (D) is -5 times off (false) - answer A, C; sympy: the wave equation fixes w = 5c; Faraday's law integrated gives B; Ampere-Maxwell and div E = div B = 0 check; option D = -5 B; Numerics: a crest followed through time moves along (0, -0.6, -0.8) at c; crests 1.2566 m apart; curl by finite differences and dB/dt integrated over a period give c|B| = E0 along (0, -0.8, 0.6); Poynting: <E x B> points along the travel; with option D's B it would point backwards; The page engine extracted and run in Node: same direction, |k|, w and B; answer '(A), (C)'; MathonGo published solution (their Q24 = Physics Q.8): (A), (C); Official key printed with the paper (checked after the independent solution): Q.8 -> AC","Layout v3 (G5): the question verbatim with the four statements; the answer line (A), (C) visible from load and confirmed by the run; A large y-z plane with the electric field shaded (out of / into the page), the moving crest lines 3y + 4z = const, the wave vector and the direction of travel; One START tracks a crest (constant phase) to find the direction and speed, measures the wavelength with a ruler, computes w = c|k|, then draws B from Faraday's law, and audits statements A to D; Four readouts drawn in the scene: the direction of travel, the wavelength, |k| and w; Show E, B or both; speed 1x / 1/2x, pause, replay, reset, classroom mode, reduced motion, portrait phone scene; Detailed solution with the curl worked out, the E x B check, the concept and key takeaways",simulations/2026/paper-1/physics/adv-2026-p1-phy-q08/,electromagnetic waves; plane wave; wave vector; direction of travel; angular frequency; magnetic field of em wave; faraday's law; poynting vector; maxwell equations; one or more correct; physics,papers/Jee_Adv_2026_paper1_solutions_final.pdf (page 17),Built by the simulation factory in production mode; status script_verified (no human review)
ADV-2026-P1-PHY-Q09,Complete,2026-09-30,2026-09-30,1,JEE Advanced,2026,Paper 1,Physics,9,Section 3,Numerical value (+4/0/0),Oscillations,"Small oscillations of a hinged rod in two immiscible liquids - buoyancy torques in layered liquids, moment of inertia and the period",Buoyancy acts at the centre of each immersed part; in layered liquids each layer pushes on its own part; Torque about a hinge from vertical forces: F d sin(theta); Moment of inertia of a rod about one end: M L^2/3; Small oscillations: omega^2 = (restoring torque per radian)/I,"Lower half in 6 rho: buoyancy 3 rho A g L at L/4 gives (3/4) rho A g L^2 theta; upper half in 2 rho: rho A g L at 3L/4 gives (3/4) rho A g L^2 theta; The weight rho A L g at L/2 gives (1/2) rho A g L^2 theta the other way; net restoring torque rho A g L^2 theta; I = rho A L^3/3, so omega^2 = 3g/L and T = (2 pi/sqrt 3) sqrt(L/g): n = sqrt 3 = 1.73; The tilt-dependent submerged length L/(2 cos theta) changes the torque only at order theta^3",Moderate,1.73,Script-verified,"Solved independently: buoyancy torques (3/4 + 3/4) rho A g L^2 minus the weight's 1/2 give kappa = rho A g L^2; I = rho A L^3/3; omega^2 = 3g/L; n = sqrt 3 = 1.732; sympy: torques with the exact submerged length L/(2 cos theta); kappa = rho A g L^2; the correction is theta^3/3; n = sqrt 3; Nonlinear dynamics (scipy) with buoyancy integrated from the liquid pressure element by element: n = 1.7321 at 1 deg, independent of L; 12 deg gives about 1.74; Energy: the curvature of U(theta) in the layered liquid at 0 equals kappa; The page engine extracted and run in Node: kappa = 1, I = 1/3, answer 1.73; its timed runs agree; MathonGo published solution (their Q25 = Physics Q.9): 1.73; Official key printed with the paper (checked after the independent solution): Q.9 -> 1.70 to 1.75","Layout v3 (G5): the question verbatim with its figure redrawn; the answer line n = 1.73 visible from load and confirmed by the run; A large glass tank with a dense liquid (6 rho) below and a lighter one (2 rho) above; the thin rod, hinged at the bottom, stands upright and rocks when nudged; Force arrows to relative size: the buoyancy of each liquid at the centre of its part of the rod, and the rod's weight at L/2; A trace of the tilt against time in the scene, with the zero crossings and the period marked; the run times three swings and computes n; Four readouts drawn in the scene: the tilt, the swings timed, the period and n; Nudge 3, 6 or 12 degrees (small swings all give about 1.73), forces on or off, speed 1x / 1/2x, pause, replay, reset, classroom mode, reduced motion, portrait phone scene; Detailed solution with the torques, the moment of inertia, the theta^3 detail, the concept and key takeaways",simulations/2026/paper-1/physics/adv-2026-p1-phy-q09/,oscillations; simple harmonic motion; buoyancy; torque; hinged rod; moment of inertia; immiscible liquids; time period; fluid mechanics; numerical value; physics,papers/Jee_Adv_2026_paper1_solutions_final.pdf (page 18),Built by the simulation factory in production mode; status script_verified (no human review)
ADV-2026-P1-PHY-Q10,Complete,2026-09-30,2026-09-30,1,JEE Advanced,2026,Paper 1,Physics,10,Section 3,Numerical value (+4/0/0),Thermodynamics,Carnot engines in series - each engine's rejected heat drives the next; net efficiency 1 - (1 - eta)^N,Carnot engine: efficiency eta = 1 - T_cold/T_hot = W/Q_absorbed; Engines in series: Q_k = (1 - eta)^k Q0 and W = Q0 - Q_N; Net efficiency 1 - (1 - eta)^N; efficiencies do not add; Reversible engines in series equal one reversible engine between the extreme reservoirs,"Each engine keeps a fraction eta of its heat as work and passes (1 - eta) on, so the rejected fractions multiply; W/Q0 = 1 - (1 - eta)^5 = 211/243 gives (1 - eta)^5 = 32/243 = (2/3)^5 and eta = 1/3; For Carnot engines each reservoir is 2/3 of the one above: 1215, 810, 540, 360, 240, 160 K, and 1 - 160/1215 = 211/243; The trap eta_net = 5 eta would exceed 1 for eta > 0.2",Easy-Moderate,0.33,Script-verified,"Solved independently: Q_k = (1 - eta)^k Q0, W = Q0 - Q5, 1 - (1 - eta)^5 = 211/243 -> (1 - eta)^5 = (2/3)^5 -> eta = 1/3 = 0.33; sympy: the telescoping sum and the only root in (0, 1), eta = 1/3; exact fractions; Five explicit Carnot cycles of ideal gas between 1215, 810, 540, 360, 240, 160 K, each engine's rejected heat fed to the next: W/Q0 = 211/243, zero total entropy change; Brute force over 10^6 values of eta: 0.33333; The page engine extracted and run in Node: bisection gives 1/3, answer 0.33; the temperatures and works as here; MathonGo published solution (their Q26 = Physics Q.10): 0.33; Official key printed with the paper (checked after the independent solution): Q.10 -> 0.32 to 0.34","Layout v3 (G5): the question verbatim with its cascade figure redrawn; the answer line eta = 0.33 visible from load and confirmed by the run; A tall cascade of six reservoirs (temperatures from the Carnot relation) and five spinning engines; heat pipes with width proportional to the heat per cycle, and each engine's work leaving sideways; One START runs the heat flow, then searches for eta by bisection with every trial plotted on W/Q0 against eta and the target 211/243; Four readouts drawn in the scene: eta, W/Q0, the target and the heat out at the bottom; A Try-eta slider and 3, 5 or 7 engines to see 1 - (1 - eta)^N; speed 1x / 1/2x, pause, replay, reset, classroom mode, reduced motion, portrait phone scene; Detailed solution with the telescoping sum, the Carnot temperatures, the concept and key takeaways",simulations/2026/paper-1/physics/adv-2026-p1-phy-q10/,thermodynamics; carnot engine; engines in series; heat engine; efficiency; second law; reservoirs; cascade; numerical value; physics,papers/Jee_Adv_2026_paper1_solutions_final.pdf (page 19),Built by the simulation factory in production mode; status script_verified (no human review)
ADV-2026-P1-PHY-Q11,Complete,2026-09-30,2026-09-30,1,JEE Advanced,2026,Paper 1,Physics,11,Section 3,Numerical value (+4/0/0),Thermodynamics,Heat conduction between a gas at constant volume and a gas at constant pressure - exponential decay of the temperature gap,"Heat conduction through a slab: H = KA dT/x; Molar heat capacities of a monoatomic gas: C_V = 3R/2 at fixed volume, C_P = 5R/2 at fixed pressure; Two bodies exchanging heat: the gap decays as exp(-(KA/x)(1/C1 + 1/C2) t); Half time = ln 2 / rate constant","S1 (rigid) loses heat at constant volume, C_V = 3R/2; S2 (free piston at 1 atm) gains heat at constant pressure, C_P = 5R/2; d(dT)/dt = -(KA/x)(2/3R + 2/5R) dT = -(16/15)(KA/xR) dT; t_half = (15/16) ln 2 xR/KA: n = 0.656 with ln 2 = 0.7 (0.650 with the exact log), both inside the key; With the piston locked the rate would be 4/3 and n = 0.525: part of S2's heat does work on the piston, so the gap closes more slowly",Moderate,0.66,Script-verified,"Solved independently: C_V for S1, C_P for S2; rate (KA/x)(2/3R + 2/5R) = (16/15) KA/xR; t_half = (15/16) ln 2 xR/KA; n = 0.656 with ln 2 = 0.7 (0.650 exact); sympy: the gap ODE and its solution; t_half = (15/16) ln 2 exactly; First law integrated numerically for each gas with the piston's work from P dV (no C_P assumed): t_half = 0.6498 xR/KA for 100 K and 50 K gaps; heat into S2 splits 3:2 between internal energy and work; Control: locked piston gives 0.525, outside the key - the free piston matters; The page engine extracted and run in Node: rate 16/15, answer 0.66; MathonGo published solution (their Q27 = Physics Q.11): 0.66; Official key printed with the paper (checked after the independent solution): Q.11 -> 0.63 to 0.70","Layout v3 (G5): the question verbatim with its figure redrawn; the answer line n = 0.66 visible from load and confirmed by the run; A large insulated container: gas S1 behind a hatched conducting partition and gas S2 behind a free piston that moves out as S2 warms; thermometers, heat arrows through the partition, molecules coloured and paced by temperature; A plot of the temperature gap against time in the scene, with the half time marked; n is read from the measured half time with the given ln 2; Four readouts drawn in the scene: both temperatures, the gap and the time in units of xR/KA; Piston free or locked (0.525, not the question) and a 50 or 100 K starting gap (same half time); speed 1x / 1/2x, pause, replay, reset, classroom mode, reduced motion, portrait phone scene; Detailed solution with the heat capacities, the exponential decay, the concept and key takeaways",simulations/2026/paper-1/physics/adv-2026-p1-phy-q11/,thermodynamics; heat conduction; thermal conductivity; specific heat; cv and cp; monoatomic gas; isobaric process; exponential decay; half time; numerical value; physics,papers/Jee_Adv_2026_paper1_solutions_final.pdf (page 19),Built by the simulation factory in production mode; status script_verified (no human review)
ADV-2026-P1-PHY-Q12,Complete,2026-09-30,2026-09-30,1,JEE Advanced,2026,Paper 1,Physics,12,Section 3,Numerical value (+4/0/0),Moving Charges and Magnetism,Magnetic moment of a spinning charged cone and its far field on the axis,A rotating charge as a current: dI = dq w/2pi; Magnetic moment of a current loop: m = I pi r^2; Surface charge on a cone: a ring at slant fraction u has r = uR and dq = 2Qu du; Axial field of a magnetic dipole far away: B = (mu0/4pi) 2m/z^3,"Each ring of the spinning cone is a current loop with moment dm = dq w r^2/2; The moments add: m = Q R^2 w integral_0^1 u^3 du = Q R^2 w/4, whatever the height h; Far on the axis every current distribution looks like a dipole: B = (mu0/4pi) 2m/z^3 = (mu0/4pi) Q R^2 w/(2 z^3), n = 0.5; The axial dipole field is twice the broadside value; the charge sits mostly near the rim, so m is not Q w <r^2>/2 with a uniform weight",Moderate,0.50,Script-verified,"Solved independently: rings of radius uR carry dq = 2Qu du; dm = dq w r^2/2; m = Q R^2 w/4; far axial dipole field (mu0/4pi) 2m/z^3 -> n = 0.5; sympy: the surface charge density, ring moments and their integral m = Q R^2 w/4 (h drops out), and the dipole field; The exact on-axis Biot-Savart field of the spinning surface integrated numerically (scipy), no dipole approximation: B z^3 -> 0.5 (mu0/4pi) Q R^2 w as z grows, for several heights; A direct 3-D Biot-Savart sum over point charges moving on the surface (v = w x r) at a far point on the axis; The page engine extracted and run in Node: m = 0.25, n = 2m = 0.50, exact ring sum at z = 2000R within 1% of the dipole value; MathonGo published solution (their Q28 = Physics Q.12): 0.5; Official key printed with the paper (checked after the independent solution): Q.12 -> 0.50","Layout v3 (G5): the question verbatim with its figure redrawn; the answer line n = 0.50 visible from load and confirmed by the run; A large pseudo-3-D hollow cone spinning about z with charges riding its curved surface; current rings lit from tip to rim with the moment arrow growing as each is added; A probe carried up the axis on a log scale; the exact field of every ring gives Bz^3, plotted in the scene against the dipole limit 2m = 0.5; Four readouts in the scene: rings summed, moment m, probe height and Bz^3; Cone height h = R, 2R or 4R (the same moment and n); speed 1x / 1/2x, pause, replay, reset, classroom mode, reduced motion, portrait phone scene; Detailed solution slicing the cone into rings, the moment integral, the dipole field, the concept and key takeaways",simulations/2026/paper-1/physics/adv-2026-p1-phy-q12/,magnetism; rotating charge; magnetic moment; current loop; magnetic dipole; biot-savart law; cone; surface charge; axial field; numerical value; physics,papers/Jee_Adv_2026_paper1_solutions_final.pdf (page 20),Built by the simulation factory in production mode; status script_verified (no human review)
ADV-2026-P1-PHY-Q13,Complete,2026-09-30,2026-09-30,1,JEE Advanced,2026,Paper 1,Physics,13,Section 4,"Matching list, single option (+4/0/-1)",Waves,Interference of sound along two paths in tube networks - the smallest length for a maximum at the detector,"Superposition of two waves from one source: amplitude |1 + e^(i 2 pi Delta/lambda)|; Constructive interference: path difference Delta = m lambda; Path lengths of semicircles, rectangles and triangles (sine rule) in units of l; Smallest length: l_min = lambda/(k - 1) for a detour of k l","The sound splits at S and recombines at D, so only the path difference matters: a maximum needs Delta = m lambda, the smallest non-zero l has Delta = lambda; Every length in a figure scales with l, so the detour is k l and l_min = lambda/(k - 1); k = pi/2 (semicircle on l), 2 (rectangle of height l/2), 1 + pi/sqrt2 (side l plus a semicircle on the diagonal), (sin 30 + sin 45)/cos 15 (triangle by the sine rule); l = 0.508, 0.290, 0.131, 1.186 m -> (3), (4), (5), (2): option D; with the exact cos 15 the triangle gives 1.16 m, still nearest (2)",Moderate,D,Script-verified,"Solved independently: detour factors pi/2, 2, 1 + pi/sqrt2 and (0.5 + 0.7071)/0.97; l = 0.29/(k - 1) = 0.508, 0.290, 0.131, 1.186 m; nearest List-II (3), (4), (5), (2) -> option D; sympy: each detour as a multiple of l and the first maximum at Delta = lambda; Geometry from coordinates: each network built as points (arcs sampled, the triangle from its angles by intersecting the two sides), path lengths measured, the two waves added as phasors and the first maximum of |1 + e^(i phi)| found by sweeping l; Every option audited: A, B and C each fail on at least one row; The page engine extracted and run in Node: first maxima to 1e-6 m, map P3 Q4 R5 S2, answer D; MathonGo published solution (their Q29 = Physics Q.13): D; Official key printed with the paper (checked after the independent solution): Q.13 -> D","Layout v3 (G5): the question verbatim with the four List-I figures redrawn, List-II and the options; the answer line (D) visible from load and confirmed by the run; A large tube network with the straight tube and the detour drawn as glass tubes, crests travelling along both paths one wavelength apart and meeting at the detector, whose meter reads the amplitude; One START lengthens l in each tube in turn from zero: the detector falls silent at half a wavelength and reaches the maximum at one wavelength; each first maximum is matched to List-II and the option found; The amplitude at D plotted against l in the scene with the List-II lengths marked; four readouts: tube and length, path difference, amplitude, first maximum; Tube buttons P, Q, R, S and a length slider to explore by hand; speed 1x / 1/2x, pause, replay, reset, classroom mode, reduced motion, portrait phone scene; Detailed solution with each detour factor, the sine rule for the triangle, the concept and key takeaways",simulations/2026/paper-1/physics/adv-2026-p1-phy-q13/,waves; sound; interference; path difference; superposition; constructive interference; sound tube; sine rule; matching list; physics,papers/Jee_Adv_2026_paper1_solutions_final.pdf (page 22),Built by the simulation factory in production mode; status script_verified (no human review)
ADV-2026-P1-PHY-Q14,Complete,2026-10-01,2026-10-01,1,JEE Advanced,2026,Paper 1,Physics,14,Section 4,"Matching list, single option (+4/0/-1)",Wave Optics,"Optical effects in nature and the phenomenon essential to each - emission, scattering, dispersion with reflection, diffraction","Atomic emission: lambda = hc/dE gives discrete spectral lines (aurora: O 557.7 and 630.0 nm, N2+ 427.8 nm); Scattering of light by molecules: the blue sky and the partial polarization of skylight, P = sin^2 theta/(1 + cos^2 theta); The rainbow: dispersion n(lambda) and one internal reflection in a raindrop; minimum deviation; Single-slit diffraction: dark fringes at a sin theta = m lambda; Total internal reflection and the critical angle","The aurora is light emitted by oxygen and nitrogen excited by charged particles from the Sun: a line spectrum, not scattered sunlight; Light scattered by air molecules is partially polarized, fully (ideally) at 90 deg from the Sun; total internal reflection reflects both polarizations fully and cannot polarize; A rainbow needs dispersion and one internal reflection; inside the drop the ray meets the back at about 40 deg, below the critical angle 48.7 deg, so the reflection is partial, not total; Dark and bright fringes in light of one colour behind an opening are diffraction; P5 Q4 R1 S3: option A",Easy,A,Script-verified,"MathonGo solution (their Q30 = Physics Q.14) read first as the conceptual reference for the intended approach (one mechanism per effect); the answer then derived independently; P: aurora wavelengths from atomic energy levels (lambda = hc/dE) are discrete lines; Rayleigh-scattered sunlight (Planck x lambda^-4) is a smooth continuum peaking in the violet; Q: dipole scattering of unpolarized light summed numerically and in sympy gives P = sin^2/(1 + cos^2); Fresnel's equations show total internal reflection reflects s and p fully (no polarization); R: a ray traced through a drop by coordinates and by Descartes' condition: rainbow at 42.4 (red) and 40.6 deg (violet); the internal angle 40.4 deg is below the critical angle 48.7 deg (Fresnel R about 11 %): partial, not total; S: a single slit summed as Huygens phasors is dark at a sin theta = m lambda for one colour; matches (sin b/b)^2; Every option audited: B, C and D each fail on at least one row; The page engine extracted and run in Node: map P5 Q4 R1 S3, answer A; Official key printed with the paper (checked last): Q.14 -> A; MathonGo: A","Layout v3 (G5) with the target display: the question, both lists and the options (none marked before the run); the target shows only 'the match P, Q, R, S -> List-II' until the run reveals the computed match and option with one pulse; A sky optics laboratory with four stations: the aurora with electrons spiralling down field lines and a spectrometer; a sunlit sky with an air molecule and a polarizer; a raindrop with red and violet rays and a partial back reflection; a laser, a single slit and fringes building up on a screen; Each station's measurement plotted in the scene (spectrum, polarization against angle, deviation against incidence, screen brightness) with the match table; four readouts: station, probe, measured value, phenomenon; Station buttons P, Q, R, S and a probe slider (spectrometer wavelength, viewing angle, angle of incidence, slit width) to explore each by hand; the discovered result stays; Speed 1x / 1/2x, pause, replay, reset, classroom mode, reduced motion, portrait phone scene; Detailed solution with each mechanism, the critical-angle trap, the concept and key takeaways",simulations/2026/paper-1/physics/adv-2026-p1-phy-q14/,optics; aurora; atomic emission; line spectrum; scattering; polarization; rainbow; dispersion; critical angle; diffraction; matching list; physics,papers/Jee_Adv_2026_paper1_solutions_final.pdf (page 23),Built by the simulation factory in production mode; status script_verified (no human review)
